Total.Household.Income,Region,Total.Food.Expenditure,Household.Head.Sex,Household.Head.Age,Type.of.Household,Total.Number.of.Family.members,House.Floor.Area,House.Age,Number.of.bedrooms,Electricity
480332,CAR,117848,Female,49,Extended Family,4,80,75,3,1
198235,CAR,67766,Male,40,Single Family,3,42,15,2,1
82785,CAR,61609,Male,39,Single Family,6,35,12,1,0
107589,CAR,78189,Male,52,Single Family,3,30,15,1,1
189322,CAR,94625,Male,65,Single Family,4,54,16,3,1
152883,CAR,73326,Male,46,Single Family,4,40,7,2,1
198621,CAR,104644,Male,45,Extended Family,5,35,18,1,1
134961,CAR,95644,Male,33,Extended Family,5,35,48,2,1
171152,CAR,67348,Female,17,Single Family,2,35,8,1,1
625753,CAR,158721,Male,53,Extended Family,6,70,12,3,1
147005,CAR,79530,Male,49,Single Family,4,40,9,2,1
253130,CAR,111250,Male,35,Single Family,7,35,17,3,1
101111,CAR,88523,Male,38,Single Family,7,35,5,1,0
128214,CAR,62262,Male,53,Extended Family,3,50,43,3,1
91525,CAR,45487,Male,75,Single Family,2,35,77,1,1
171742,CAR,70892,Female,36,Single Family,4,40,35,1,1
95385,CAR,83790,Male,67,Extended Family,5,50,25,1,1
142843,CAR,85370,Male,57,Single Family,8,35,20,1,1
88170,CAR,64705,Female,63,Extended Family,4,40,1,2,1
97018,CAR,82534,Male,40,Single Family,5,25,7,0,1
123015,CAR,73459,Male,60,Extended Family,4,30,6,1,1
100900,CAR,67830,Male,62,Single Family,4,35,36,1,1
153312,CAR,164860,Male,45,Single Family,6,35,22,1,1
96814,CAR,64696,Male,41,Single Family,5,20,7,1,1
91785,CAR,57112,Male,43,Single Family,3,24,45,0,1
83600,CAR,59819,Male,45,Single Family,3,35,16,1,1
84330,CAR,45509,Male,61,Single Family,2,25,1,1,1
164830,CAR,76151,Male,45,Extended Family,3,32,7,2,1
87612,CAR,88484,Female,58,Extended Family,6,30,13,1,0
96862,CAR,82647,Male,34,Single Family,6,35,1,1,1
65929,CAR,59898,Male,67,Single Family,2,30,14,1,0
114998,CAR,89896,Male,34,Single Family,6,25,3,0,0
217720,CAR,84335,Male,25,Single Family,2,36,13,1,1
98650,CAR,90927,Male,29,Single Family,4,30,11,1,1
169755,CAR,110405,Male,53,Single Family,5,30,9,0,1
143785,CAR,63907,Female,83,Extended Family,5,30,16,1,1
105805,CAR,50424,Female,90,Extended Family,2,36,23,2,1
129066,CAR,112070,Male,52,Single Family,6,36,18,2,1
154710,CAR,91008,Male,78,Extended Family,4,40,43,1,1
203675,CAR,108043,Female,79,Extended Family,6,30,28,0,1
186475,CAR,96915,Female,60,Single Family,4,35,25,2,1
104457,CAR,73997,Male,63,Single Family,4,35,17,1,1
119492,CAR,78073,Male,65,Extended Family,6,35,21,1,1
304598,CAR,98445,Male,48,Single Family,4,80,6,2,1
824148,CAR,99064,Male,54,Single Family,2,200,20,8,1
169790,CAR,85448,Male,41,Single Family,5,40,16,2,1
132275,CAR,83528,Male,40,Single Family,4,85,18,4,1
559202,CAR,98107,Male,29,Single Family,5,35,19,1,1
111495,CAR,59255,Male,52,Single Family,2,32,19,2,1
977025,CAR,131485,Male,49,Single Family,6,209,19,4,1
272500,CAR,95406,Male,65,Single Family,5,200,25,2,1
677321,CAR,229370,Male,75,Extended Family,10,102,17,4,1
205570,CAR,64202,Male,67,Single Family,2,238,15,4,1
350740,CAR,96601,Female,36,Extended Family,3,100,25,5,1
206490,CAR,75031,Male,53,Single Family,3,96,15,3,1
113020,CAR,67121,Female,35,Extended Family,3,36,9,1,1
740110,CAR,181926,Male,63,Extended Family,7,316,16,3,1
281236,CAR,56971,Female,69,Extended Family,2,50,7,1,1
100806,CAR,60160,Male,28,Single Family,3,63,35,4,1
410190,CAR,88966,Male,56,Extended Family,6,50,5,5,1
730210,CAR,172404,Male,66,Single Family,4,203,16,3,1
113852,CAR,88017,Male,37,Extended Family,7,48,10,0,0
132645,CAR,51139,Female,21,Single Family,2,40,11,2,1
301423,CAR,127743,Female,60,Extended Family,8,100,12,3,1
143839,CAR,65989,Male,41,Single Family,4,54,8,2,1
301240,CAR,102906,Male,45,Single Family,5,36,11,2,1
117410,CAR,87743,Male,37,Single Family,5,36,12,1,1
152913,CAR,59310,Male,51,Single Family,2,30,12,1,1
86964,CAR,62023,Male,51,Single Family,2,30,7,1,1
226761,CAR,104427,Male,26,Single Family,4,50,18,3,1
153585,CAR,110631,Male,38,Single Family,6,48,15,1,1
96855,CAR,81985,Male,38,Single Family,5,35,23,1,1
264520,CAR,108109,Male,53,Extended Family,4,48,2,3,1
241065,CAR,96505,Male,68,Extended Family,4,63,10,2,1
121751,CAR,91575,Male,34,Extended Family,7,30,17,2,1
135071,CAR,90942,Male,62,Extended Family,4,84,47,4,1
239836,CAR,90669,Male,50,Single Family,3,54,20,2,1
67755,CAR,29066,Male,43,Single Family,1,25,26,1,0
148088,CAR,78662,Male,46,Extended Family,4,30,38,2,1
255226,CAR,155045,Male,63,Extended Family,7,72,25,3,1
175305,CAR,84355,Male,64,Single Family,4,40,19,3,1
98132,CAR,69946,Male,60,Single Family,3,42,14,2,1
144206,CAR,72478,Male,45,Single Family,2,45,14,2,1
125505,CAR,100518,Male,45,Single Family,5,72,21,3,1
67900,CAR,60543,Male,32,Single Family,4,30,1,1,0
84369,CAR,49085,Male,55,Single Family,2,35,14,2,0
121743,CAR,72244,Male,63,Single Family,4,35,14,1,1
166080,CAR,110462,Male,36,Extended Family,7,30,12,1,1
372972,CAR,164802,Male,42,Extended Family,5,70,40,3,1
300324,CAR,79540,Female,65,Single Family,2,40,50,1,1
168498,CAR,77667,Male,38,Extended Family,6,45,4,2,1
68425,CAR,53517,Female,55,Single Family,2,35,8,1,1
151545,CAR,86841,Male,52,Single Family,3,45,21,3,1
138688,CAR,62562,Male,72,Single Family,2,20,2,1,1
96695,CAR,77461,Male,48,Single Family,4,25,2,1,1
379622,CAR,89011,Male,62,Single Family,2,60,13,2,1
147342,CAR,83950,Male,50,Extended Family,5,30,4,2,1
174440,CAR,92792,Female,60,Single Family,6,60,70,0,1
223295,CAR,92989,Female,77,Extended Family,2,60,39,2,1
106805,CAR,74452,Male,65,Single Family,3,40,1,2,1
101045,CAR,97535,Male,50,Single Family,7,30,4,0,0
101814,CAR,81093,Male,36,Single Family,4,42,10,2,1
109955,CAR,64116,Male,31,Single Family,3,40,26,2,1
391100,CAR,115092,Female,83,Extended Family,3,50,1,4,1
111495,CAR,84215,Male,65,Extended Family,8,35,14,2,1
160114,CAR,81805,Male,46,Extended Family,6,35,5,2,1
145410,CAR,80552,Male,35,Single Family,4,30,6,0,1
166080,CAR,134812,Male,38,Single Family,12,35,41,2,1
149410,CAR,108269,Male,53,Extended Family,7,35,23,0,1
123308,CAR,93550,Male,43,Extended Family,8,30,20,0,1
280120,CAR,125385,Male,53,Extended Family,6,40,2,0,1
117005,CAR,89572,Female,86,Extended Family,8,35,67,2,1
114220,CAR,81598,Male,38,Single Family,5,35,40,2,1
298126,CAR,60346,Male,83,Single Family,3,50,18,2,1
485633,CAR,138744,Male,38,Single Family,5,100,16,3,1
92782,CAR,84402,Male,41,Single Family,4,30,15,1,1
136934,CAR,86715,Male,64,Single Family,6,30,12,1,1
50561,CAR,21156,Female,79,Single Family,1,25,20,1,1
109428,CAR,54897,Female,69,Extended Family,3,24,2,1,1
133765,CAR,91565,Male,45,Extended Family,6,42,28,1,1
128110,CAR,66834,Male,30,Single Family,2,49,13,1,1
111815,CAR,83929,Male,35,Single Family,6,35,7,1,0
92715,CAR,61157,Female,29,Single Family,2,30,5,1,1
146650,CAR,77453,Male,58,Extended Family,4,35,22,1,1
293200,CAR,116176,Male,39,Single Family,3,40,11,3,1
179704,CAR,78527,Male,36,Single Family,3,30,3,1,1
152620,CAR,67808,Male,56,Extended Family,4,30,1,1,1
72175,CAR,75561,Male,55,Single Family,3,30,23,1,1
105440,CAR,51361,Male,46,Extended Family,4,30,2,1,0
130495,CAR,71274,Female,85,Single Family,4,50,65,3,1
130825,CAR,105283,Male,46,Extended Family,7,48,19,2,1
77635,CAR,39704,Male,71,Single Family,2,49,20,2,1
111570,CAR,58107,Male,48,Single Family,3,30,6,1,1
121160,CAR,78639,Female,35,Single Family,4,50,20,3,1
96125,CAR,77282,Male,36,Single Family,5,30,1,1,0
379828,CAR,92768,Male,41,Single Family,6,40,1,1,1
146920,CAR,71753,Male,65,Extended Family,8,35,30,1,1
214700,CAR,69690,Male,56,Single Family,4,40,24,2,1
239598,CAR,75131,Male,54,Single Family,3,96,7,3,1
69635,CAR,17781,Female,80,Single Family,1,30,4,0,1
116360,CAR,31647,Female,83,Single Family,1,30,45,2,1
181498,CAR,61150,Male,32,Single Family,4,30,1,1,1
148690,CAR,76530,Male,42,Single Family,3,30,11,2,1
129800,CAR,51564,Female,55,Single Family,3,30,21,1,1
163400,CAR,88741,Male,35,Extended Family,6,48,35,2,1
72120,CAR,67218,Male,37,Single Family,4,30,12,1,1
259780,CAR,115255,Male,35,Single Family,6,42,16,1,1
104905,CAR,47168,Male,30,Single Family,4,30,8,0,1
63825,CAR,34183,Male,31,Single Family,2,30,47,0,1
120090,CAR,84796,Male,35,Extended Family,7,42,9,2,1
301873,CAR,48761,Male,46,Single Family,4,40,21,1,1
116643,CAR,60154,Male,51,Single Family,4,49,50,2,1
183630,CAR,77020,Male,67,Extended Family,5,42,64,3,1
115855,CAR,65344,Male,72,Extended Family,8,42,38,3,1
164342,CAR,75244,Male,46,Extended Family,5,56,21,2,1
155626,CAR,92403,Male,66,Extended Family,9,40,53,1,1
65490,CAR,24028,Female,48,Single Family,1,42,21,1,1
125396,CAR,87336,Male,65,Extended Family,10,48,46,1,1
145635,CAR,56417,Female,53,Extended Family,4,40,28,1,1
188475,CAR,96122,Male,46,Extended Family,7,54,14,3,1
107420,CAR,78178,Male,50,Single Family,6,36,55,1,1
116400,CAR,59311,Male,65,Single Family,4,36,53,1,1
164315,CAR,63163,Male,67,Single Family,4,72,11,2,1
491010,CAR,87892,Male,60,Single Family,4,72,22,4,1
113905,CAR,61535,Male,33,Single Family,6,35,10,2,1
62255,CAR,54527,Female,78,Extended Family,5,30,44,2,1
98305,CAR,37688,Female,49,Single Family,4,35,16,2,1
117793,CAR,46384,Male,46,Single Family,7,35,13,4,1
329067,CAR,71267,Male,60,Extended Family,4,75,57,3,1
148580,CAR,40210,Male,70,Extended Family,4,30,27,0,1
164046,CAR,41911,Male,70,Extended Family,3,70,25,2,1
312610,CAR,61587,Male,51,Extended Family,5,50,14,2,1
134410,CAR,96729,Male,45,Single Family,2,45,16,3,1
541874,CAR,72496,Male,50,Single Family,5,54,5,2,1
125695,CAR,88944,Male,53,Extended Family,9,50,26,2,1
78480,CAR,29889,Male,75,Single Family,3,35,50,0,1
163530,CAR,66330,Male,32,Single Family,7,45,8,4,1
162480,CAR,50381,Male,41,Single Family,4,40,6,3,1
151395,CAR,59989,Male,39,Single Family,5,40,11,2,1
95975,CAR,45212,Male,48,Single Family,5,40,19,3,1
77275,CAR,34475,Male,78,Extended Family,4,25,78,0,1
96370,CAR,54271,Male,31,Single Family,6,35,2,0,1
1051758,CAR,238375,Male,81,Extended Family,8,150,16,5,1
143650,CAR,102403,Male,52,Single Family,8,35,3,1,1
211703,CAR,124068,Male,43,Single Family,4,30,23,1,1
101290,CAR,77440,Male,54,Single Family,2,40,65,1,1
383617,CAR,124651,Male,42,Extended Family,5,45,26,2,1
119143,CAR,93994,Male,68,Extended Family,8,30,11,1,1
110848,CAR,84962,Male,34,Single Family,6,30,12,1,1
131847,CAR,88115,Male,51,Extended Family,6,20,17,2,1
184738,CAR,67950,Female,33,Single Family,2,40,6,1,1
115140,CAR,85771,Male,45,Single Family,6,35,9,1,0
120690,CAR,102806,Male,42,Single Family,7,30,12,1,0
79995,CAR,63149,Male,33,Single Family,4,36,5,1,0
121986,CAR,76516,Male,42,Single Family,3,30,6,1,1
134555,CAR,76259,Male,38,Single Family,4,42,27,2,1
177364,CAR,128061,Male,47,Single Family,6,35,8,1,1
41138,CAR,22189,Female,75,Single Family,1,70,64,2,1
212782,CAR,127832,Male,56,Extended Family,5,30,20,2,1
242970,CAR,105256,Male,54,Extended Family,8,40,4,2,1
81836,CAR,62503,Male,32,Single Family,4,30,1,1,0
133045,CAR,91993,Male,56,Extended Family,6,35,5,1,0
92955,CAR,62989,Male,31,Single Family,2,40,6,2,1
248250,CAR,104484,Male,40,Single Family,3,392,8,4,1
135597,CAR,85763,Male,53,Extended Family,4,48,8,2,1
141000,CAR,104389,Female,46,Single Family,6,35,6,1,1
132053,CAR,90846,Male,39,Single Family,6,30,11,1,1
173621,CAR,62063,Male,54,Extended Family,5,30,13,2,1
74843,CAR,36052,Male,68,Single Family,2,25,16,1,0
180521,CAR,71774,Male,43,Single Family,2,35,5,2,1
148243,CAR,98443,Male,56,Extended Family,7,40,6,3,1
211154,CAR,93387,Male,48,Extended Family,6,50,9,2,1
269702,CAR,27529,Male,78,Single Family,2,40,6,2,1
222351,CAR,103206,Male,59,Extended Family,9,35,11,2,1
135602,CAR,47693,Female,47,Single Family,1,40,8,2,1
295225,CAR,112200,Male,59,Single Family,6,50,10,1,1
419138,CAR,65512,Male,48,Single Family,4,120,12,2,1
357946,CAR,104620,Male,54,Extended Family,4,50,34,3,1
533840,CAR,111206,Male,56,Single Family,2,128,13,3,1
107867,CAR,39359,Male,62,Single Family,2,42,38,1,1
104656,CAR,47992,Male,58,Single Family,2,40,14,2,1
140329,CAR,60553,Female,54,Single Family,2,52,25,4,1
92719,CAR,54761,Male,48,Single Family,3,35,31,2,1
144398,CAR,83332,Male,65,Extended Family,5,35,40,1,1
87069,CAR,62245,Male,87,Extended Family,5,40,61,1,1
129628,CAR,153540,Male,29,Single Family,4,35,7,1,1
120140,CAR,67330,Male,56,Extended Family,4,52,18,1,1
438261,CAR,100370,Female,47,Single Family,4,40,5,3,1
383498,CAR,77175,Male,39,Single Family,5,60,3,4,1
275729,CAR,126018,Female,45,Single Family,13,40,2,0,1
117904,CAR,65370,Male,45,Single Family,4,64,21,3,1
213286,CAR,80490,Male,59,Extended Family,8,56,5,3,1
108801,CAR,47437,Male,72,Single Family,2,45,24,2,1
166275,CAR,66602,Male,54,Single Family,5,50,13,2,1
72826,CAR,55993,Male,35,Single Family,3,40,7,1,1
122335,CAR,89906,Male,49,Extended Family,10,45,20,1,1
156865,CAR,50708,Male,56,Single Family,2,60,33,3,1
117841,CAR,55192,Male,58,Single Family,3,40,13,2,1
103260,CAR,48660,Male,58,Extended Family,5,40,23,2,1
95622,CAR,47654,Female,60,Extended Family,4,25,5,1,1
115450,CAR,32746,Male,76,Single Family,2,35,13,1,1
121453,CAR,58522,Male,34,Single Family,3,48,30,2,1
207425,CAR,108722,Male,49,Single Family,7,50,11,2,1
162723,CAR,102594,Female,99,Extended Family,8,72,25,3,1
91835,CAR,59271,Male,42,Single Family,4,30,7,1,1
65220,CAR,58349,Male,28,Single Family,4,35,31,2,1
261545,CAR,76109,Male,61,Extended Family,6,56,28,4,1
101515,CAR,69480,Female,57,Single Family,5,35,11,2,1
64113,CAR,55424,Female,67,Extended Family,5,35,36,2,1
120500,CAR,79480,Male,42,Extended Family,8,40,45,1,1
98429,CAR,78588,Male,86,Extended Family,7,56,15,2,1
47420,CAR,24004,Male,41,Single Family,1,30,10,1,1
76455,CAR,86244,Male,34,Extended Family,8,42,14,2,1
66030,CAR,39588,Male,65,Single Family,2,30,9,1,0
135875,CAR,67890,Male,64,Extended Family,6,56,29,2,1
72695,CAR,34311,Female,75,Single Family,1,42,26,1,1
294886,CAR,99592,Male,67,Extended Family,6,120,29,3,1
42265,CAR,27599,Male,55,Single Family,1,35,13,1,1
159545,CAR,30457,Male,25,Single Family,4,35,11,1,1
110775,CAR,54801,Female,59,Extended Family,4,35,12,2,1
174155,CAR,53155,Male,76,Extended Family,3,35,1,2,1
349579,CAR,63465,Male,68,Single Family,4,56,9,2,1
104895,CAR,46226,Female,28,Single Family,2,40,26,2,1
157759,CAR,76577,Male,48,Single Family,4,40,23,2,1
103545,CAR,51053,Male,76,Single Family,2,50,25,4,1
208074,CAR,89924,Female,63,Extended Family,4,35,30,2,1
164464,CAR,74331,Male,56,Extended Family,7,40,20,2,1
145666,CAR,79612,Female,75,Extended Family,5,45,35,2,1
158977,CAR,94207,Male,59,Extended Family,5,35,29,1,1
158061,CAR,68256,Male,55,Single Family,4,50,11,2,1
167888,CAR,87262,Male,78,Extended Family,3,55,8,2,1
125284,CAR,79565,Female,39,Extended Family,5,35,33,1,1
183770,CAR,83931,Female,62,Extended Family,3,50,17,2,1
521338,CAR,145444,Male,68,Extended Family,7,60,34,3,1
157183,CAR,85129,Male,54,Two or More Nonrelated Persons/Members,8,40,55,2,1
162125,CAR,42476,Male,49,Single Family,1,96,10,3,1
94526,CAR,63345,Male,66,Extended Family,3,40,33,1,1
153195,CAR,48842,Female,55,Extended Family,3,50,34,1,1
193810,CAR,90109,Male,36,Single Family,4,30,11,1,1
182344,CAR,64202,Male,46,Single Family,7,30,35,1,0
336128,CAR,77820,Male,57,Single Family,1,100,48,3,1
237680,CAR,82489,Male,34,Extended Family,5,48,9,1,1
1223409,CAR,82561,Male,46,Single Family,5,22,1,0,1
99794,CAR,59461,Male,38,Single Family,4,10,16,0,0
237775,CAR,21222,Male,47,Single Family,1,16,30,1,1
112347,CAR,22031,Male,64,Single Family,1,250,1,3,1
91084,CAR,25468,Male,52,Single Family,2,26,58,3,0
51340,CAR,16708,Female,75,Single Family,1,15,55,0,0
37814,CAR,22444,Male,78,Single Family,1,10,30,1,0
361156,CAR,91499,Male,67,Extended Family,7,77,12,4,1
28485,CAR,14541,Female,70,Single Family,1,15,16,0,0
63750,CAR,16496,Male,56,Single Family,1,15,2,1,0
168447,CAR,85995,Male,52,Single Family,2,280,11,2,0
40326,CAR,16293,Male,87,Single Family,1,45,25,2,0
199229,CAR,48265,Male,47,Single Family,1,216,14,2,1
127670,CAR,27018,Female,46,Single Family,3,140,13,1,1
138542,CAR,73875,Male,39,Single Family,6,120,7,1,0
160288,CAR,27490,Male,40,Single Family,1,12,18,0,0
212570,CAR,66613,Male,54,Single Family,5,23,55,0,0
133060,CAR,82703,Female,78,Single Family,6,18,5,0,1
169325,CAR,90901,Male,56,Single Family,7,50,35,3,1
189902,CAR,71934,Male,57,Extended Family,6,32,25,4,1
338176,CAR,49275,Male,62,Extended Family,14,320,25,4,1
464186,CAR,83351,Male,46,Single Family,5,54,8,3,1
190470,CAR,78913,Male,47,Single Family,6,22,27,2,1
167920,CAR,59182,Male,46,Single Family,4,40,18,1,1
162460,CAR,60738,Female,62,Single Family,4,21,2,0,0
208820,CAR,58206,Male,55,Single Family,3,75,13,6,1
79994,CAR,54492,Female,71,Single Family,2,40,26,5,1
404676,CAR,134912,Male,44,Single Family,5,280,9,3,1
445608,CAR,107071,Male,38,Extended Family,6,125,12,1,1
238850,CAR,83653,Male,67,Single Family,4,140,28,3,1
144950,CAR,77565,Male,33,Single Family,5,210,22,1,1
279500,CAR,85348,Male,52,Single Family,4,50,22,2,1
106879,CAR,48648,Male,63,Extended Family,5,100,32,2,1
182702,CAR,66084,Male,52,Extended Family,8,157,25,2,1
755800,CAR,80525,Male,48,Single Family,4,300,15,4,1
150440,CAR,50788,Male,40,Single Family,2,400,20,2,1
427337,CAR,101599,Female,68,Extended Family,4,300,31,2,1
874987,CAR,111229,Male,58,Single Family,2,100,17,2,1
580478,CAR,128309,Female,63,Single Family,4,380,3,2,1
298365,CAR,77161,Male,57,Extended Family,6,142,36,2,1
283571,CAR,76950,Male,62,Extended Family,7,46,36,2,1
538740,CAR,102794,Male,34,Single Family,4,80,25,3,1
266195,CAR,43015,Female,66,Extended Family,2,100,25,3,1
741090,CAR,117460,Male,53,Single Family,4,80,20,4,1
270271,CAR,63110,Male,46,Single Family,4,80,27,3,1
157025,CAR,72056,Male,38,Single Family,5,70,11,2,1
473430,CAR,97956,Male,54,Single Family,4,150,13,3,1
151250,CAR,29931,Male,51,Single Family,1,70,23,2,1
495296,CAR,95759,Male,49,Single Family,5,180,4,2,1
1135698,CAR,113869,Female,49,Single Family,5,125,15,4,1
320200,CAR,120682,Male,37,Single Family,3,150,40,4,1
338552,CAR,85510,Female,43,Single Family,4,60,7,2,1
148433,CAR,39457,Female,73,Extended Family,4,110,22,2,1
183495,CAR,50144,Male,46,Single Family,2,40,15,1,1
1103470,CAR,111726,Female,47,Extended Family,4,160,5,3,1
260633,CAR,42098,Male,61,Single Family,1,100,15,3,1
518670,CAR,101390,Male,37,Single Family,5,80,12,1,1
125936,CAR,37734,Female,62,Extended Family,4,50,23,2,0
177795,CAR,36452,Male,35,Single Family,1,135,19,3,1
520705,CAR,142959,Female,54,Extended Family,9,153,18,3,1
365490,CAR,71284,Male,40,Single Family,4,88,9,2,1
204552,CAR,97591,Female,42,Extended Family,5,60,15,2,1
365920,CAR,104765,Male,39,Single Family,7,40,20,2,1
312437,CAR,47235,Male,53,Single Family,4,40,35,3,1
367460,CAR,119580,Female,72,Extended Family,4,250,17,2,1
789904,CAR,145562,Female,36,Single Family,6,200,25,5,1
648103,CAR,113407,Male,54,Single Family,6,70,14,4,1
368953,CAR,109608,Male,49,Single Family,5,120,17,2,1
438935,CAR,104195,Male,59,Extended Family,4,500,24,3,1
386000,CAR,147778,Female,32,Extended Family,9,140,30,3,1
298800,CAR,105924,Male,55,Single Family,3,100,5,2,1
591450,CAR,120032,Female,25,Extended Family,4,200,2,2,1
669182,CAR,167831,Female,66,Extended Family,2,150,12,4,1
259706,CAR,28285,Female,77,Single Family,1,130,13,5,1
832117,CAR,171716,Female,65,Extended Family,9,100,12,5,1
283050,CAR,82422,Female,37,Single Family,3,700,15,1,1
143757,CAR,63190,Male,78,Single Family,2,50,37,2,1
406216,CAR,145185,Male,36,Extended Family,5,60,10,1,1
457060,CAR,102917,Female,48,Extended Family,7,50,2,2,1
425196,CAR,158602,Male,53,Extended Family,7,40,28,1,1
139120,CAR,97102,Male,53,Single Family,4,70,10,1,1
270895,CAR,124406,Male,27,Single Family,3,40,25,1,1
627680,CAR,159413,Female,68,Single Family,5,80,33,4,1
395720,CAR,52457,Female,73,Single Family,1,100,25,4,1
249350,CAR,82329,Male,43,Single Family,3,24,22,1,1
291930,CAR,99281,Male,44,Single Family,4,100,20,3,1
113670,CAR,69473,Male,57,Single Family,3,35,20,1,1
516440,CAR,215658,Male,57,Extended Family,7,32,25,2,1
495560,CAR,140992,Female,50,Extended Family,5,89,20,4,1
369790,CAR,141497,Female,30,Single Family,3,100,29,4,1
363400,CAR,122696,Female,62,Single Family,3,200,17,5,1
235930,CAR,92114,Male,25,Single Family,4,49,35,2,1
173560,CAR,68266,Male,70,Single Family,3,149,35,3,1
296293,CAR,108805,Female,38,Single Family,7,50,15,2,1
402168,CAR,156753,Female,46,Single Family,4,150,25,5,1
164627,CAR,88270,Male,58,Extended Family,5,236,10,2,1
144000,CAR,79908,Male,30,Single Family,4,10,30,1,1
390295,CAR,100671,Male,69,Extended Family,6,150,6,4,1
169328,CAR,57838,Male,65,Single Family,2,100,28,2,1
625296,CAR,92577,Male,55,Single Family,4,250,35,4,1
328335,CAR,94389,Male,55,Single Family,5,120,19,2,1
94205,CAR,71717,Male,39,Single Family,5,10,22,1,1
447328,CAR,118308,Female,32,Single Family,5,150,30,3,1
174641,CAR,68236,Male,45,Single Family,4,20,21,2,1
145980,CAR,84139,Female,66,Extended Family,3,120,35,3,1
194078,CAR,90245,Male,63,Extended Family,3,16,32,2,1
277434,CAR,102955,Male,33,Extended Family,4,100,17,2,1
202715,CAR,65794,Female,67,Extended Family,5,100,25,3,1
345485,CAR,157173,Male,37,Single Family,4,120,30,2,1
454781,CAR,68486,Male,62,Extended Family,3,80,36,4,1
740610,CAR,85054,Male,53,Single Family,5,200,12,1,1
255931,CAR,71271,Male,62,Extended Family,4,80,39,3,1
186145,CAR,105105,Male,37,Single Family,6,50,30,2,1
173443,CAR,104147,Female,29,Single Family,5,60,40,2,1
429848,CAR,105016,Male,33,Extended Family,6,15,25,2,1
280340,CAR,89618,Female,53,Extended Family,6,120,45,2,1
131045,CAR,68630,Male,43,Single Family,5,86,35,1,1
743294,CAR,113186,Male,68,Extended Family,7,67,22,2,1
851713,CAR,204293,Female,51,Extended Family,8,85,32,5,1
1173240,CAR,175123,Male,64,Extended Family,8,90,34,5,1
197510,CAR,47085,Female,18,Single Family,2,85,15,4,1
194248,CAR,49153,Male,47,Single Family,2,70,19,2,1
173400,CAR,53768,Male,41,Single Family,2,60,19,2,1
1065000,CAR,200589,Male,51,Single Family,5,100,26,4,1
876732,CAR,114135,Male,57,Extended Family,6,100,30,6,1
259770,CAR,81617,Male,52,Single Family,4,60,13,2,1
480971,CAR,135943,Male,62,Extended Family,5,95,39,4,1
421900,CAR,126370,Female,74,Extended Family,5,60,52,2,1
1008440,CAR,144610,Male,68,Single Family,4,95,38,6,1
272712,CAR,69414,Female,59,Single Family,3,130,27,2,1
292125,CAR,72186,Female,51,Single Family,5,100,28,5,1
234120,CAR,122055,Female,40,Single Family,4,100,35,1,1
378790,CAR,156705,Female,51,Extended Family,5,110,15,3,1
707867,CAR,186089,Female,57,Extended Family,5,220,32,4,1
188580,CAR,85117,Male,50,Single Family,3,15,29,0,1
331180,CAR,108573,Female,50,Extended Family,6,120,26,3,1
280230,CAR,111256,Male,53,Single Family,4,200,25,3,1
228430,CAR,108938,Female,55,Single Family,6,80,22,3,1
725390,CAR,185819,Male,40,Extended Family,5,300,32,4,1
121680,CAR,71566,Male,32,Single Family,4,70,14,2,1
1199554,CAR,307001,Male,70,Extended Family,10,120,68,5,1
883083,CAR,184264,Female,64,Single Family,3,100,36,4,1
194906,CAR,58166,Male,20,Single Family,1,110,15,2,1
1770170,CAR,167114,Female,32,Extended Family,5,75,45,4,1
786193,CAR,139202,Male,46,Single Family,5,80,32,2,1
996820,CAR,173955,Male,60,Extended Family,4,150,25,4,1
354460,CAR,86576,Male,75,Extended Family,6,98,31,4,1
807600,CAR,105174,Female,63,Extended Family,8,127,15,4,1
432105,CAR,133687,Female,77,Extended Family,9,162,42,5,1
523140,CAR,98329,Female,73,Two or More Nonrelated Persons/Members,3,165,22,3,1
785803,CAR,85439,Female,89,Single Family,4,82,23,3,1
93818,CAR,32974,Female,99,Single Family,2,85,26,2,1
252752,CAR,78670,Male,45,Single Family,5,84,16,5,1
577304,CAR,100743,Male,53,Single Family,4,70,15,4,1
945622,CAR,140549,Male,57,Single Family,6,175,15,3,1
111830,CAR,47440,Female,63,Extended Family,3,53,17,3,1
445760,CAR,131917,Male,64,Extended Family,8,40,23,2,1
242582,CAR,49962,Male,50,Single Family,3,209,20,2,1
765600,CAR,122361,Female,74,Extended Family,7,50,25,2,1
821793,CAR,129420,Female,58,Single Family,6,400,24,4,1
467675,CAR,143277,Male,48,Single Family,5,150,15,2,1
172682,CAR,55331,Male,45,Single Family,5,158,5,1,0
704761,CAR,210136,Female,48,Single Family,6,100,45,4,1
499253,CAR,104189,Female,57,Single Family,3,50,25,2,1
224504,CAR,40598,Male,64,Single Family,1,150,25,4,1
461551,CAR,51075,Male,83,Single Family,2,200,25,2,1
150765,CAR,22346,Male,32,Single Family,1,200,19,3,1
1440580,CAR,79941,Male,53,Single Family,5,175,29,5,1
579000,CAR,77697,Female,51,Extended Family,2,500,25,2,1
310500,CAR,123454,Male,41,Extended Family,6,150,1,2,1
1002354,CAR,211792,Male,52,Extended Family,6,450,30,5,1
311450,CAR,88845,Female,60,Single Family,1,100,33,2,1
477590,CAR,102664,Male,31,Single Family,2,210,35,4,1
418250,CAR,119501,Male,47,Single Family,4,280,14,2,1
215965,CAR,62835,Male,50,Single Family,2,100,45,2,1
132703,CAR,48406,Male,62,Single Family,3,45,24,2,1
409235,CAR,91645,Female,41,Single Family,5,36,31,2,1
276600,CAR,82618,Male,46,Single Family,5,64,15,2,1
2355252,CAR,273024,Male,52,Extended Family,11,150,18,6,1
1070200,CAR,126902,Female,75,Single Family,3,90,35,5,1
507550,CAR,134586,Male,47,Single Family,5,100,55,3,1
361860,CAR,150510,Male,57,Extended Family,4,30,18,1,1
253686,CAR,69920,Female,61,Single Family,1,80,31,3,1
529776,CAR,149595,Male,46,Extended Family,6,80,15,3,1
237648,CAR,88820,Male,35,Extended Family,4,70,25,3,1
433500,CAR,132509,Female,83,Single Family,1,80,45,2,1
482290,CAR,145942,Male,62,Single Family,4,120,73,5,1
709641,CAR,184391,Male,50,Single Family,5,80,15,3,1
655060,CAR,174762,Male,55,Single Family,6,300,35,7,1
428030,CAR,145679,Female,66,Extended Family,4,150,12,2,1
798140,CAR,172675,Female,53,Extended Family,6,150,20,5,1
244548,CAR,57962,Male,68,Single Family,1,200,25,3,1
533350,CAR,107533,Male,77,Single Family,3,650,45,7,1
330982,CAR,80691,Male,63,Extended Family,6,50,17,1,1
261785,CAR,110681,Male,34,Single Family,4,110,15,2,1
119390,CAR,59672,Male,35,Single Family,2,30,17,1,1
951649,CAR,169327,Male,61,Single Family,6,50,40,3,1
684160,CAR,184981,Male,32,Extended Family,5,100,9,3,1
354754,CAR,105126,Male,60,Extended Family,6,25,5,0,1
349429,CAR,130856,Male,55,Single Family,5,100,14,2,1
499578,CAR,169422,Male,59,Extended Family,11,80,20,4,1
370922,CAR,130833,Male,32,Extended Family,3,60,12,3,1
343899,CAR,99253,Female,42,Extended Family,6,60,15,2,1
724276,CAR,141101,Female,42,Extended Family,3,120,28,3,1
326000,CAR,128226,Female,61,Single Family,5,180,35,5,1
367319,CAR,93570,Female,54,Single Family,4,250,7,3,1
450270,CAR,110926,Male,51,Single Family,6,187,2,4,1
265700,CAR,117931,Male,77,Extended Family,6,200,47,2,1
507400,CAR,148083,Male,48,Single Family,6,120,69,4,1
1065628,CAR,223951,Male,67,Extended Family,12,60,35,5,1
870521,CAR,210356,Male,46,Single Family,5,230,37,5,1
617500,CAR,165560,Male,45,Single Family,6,120,35,4,1
1053288,CAR,146864,Male,56,Single Family,5,75,7,4,1
829645,CAR,162206,Female,36,Single Family,4,250,31,4,1
558898,CAR,123696,Female,60,Extended Family,6,250,31,4,1
274620,CAR,75252,Male,57,Extended Family,7,80,45,2,1
387276,CAR,118686,Male,55,Single Family,4,115,65,1,1
268563,CAR,82386,Male,69,Extended Family,3,100,45,4,1
464004,CAR,179926,Male,50,Single Family,5,70,35,3,1
579568,CAR,219293,Male,64,Extended Family,9,100,34,6,1
186678,CAR,95703,Female,58,Extended Family,8,120,28,4,1
204300,CAR,67663,Male,33,Single Family,4,50,12,1,1
226264,CAR,117796,Male,49,Single Family,2,40,2,1,1
254352,CAR,46347,Female,71,Extended Family,6,120,14,6,1
371270,CAR,70400,Female,55,Extended Family,6,432,33,5,1
190300,CAR,62748,Male,45,Extended Family,5,100,6,3,1
385633,CAR,100673,Male,35,Single Family,2,40,9,1,1
195623,CAR,67495,Male,53,Extended Family,7,100,35,2,1
199120,CAR,133185,Male,33,Single Family,4,50,20,3,1
498332,CAR,83188,Female,52,Single Family,3,150,27,5,1
842562,CAR,79113,Female,65,Extended Family,4,56,35,3,1
175516,CAR,65660,Male,54,Single Family,4,200,29,2,1
338375,CAR,87258,Male,50,Single Family,6,40,26,3,1
725272,CAR,260531,Female,71,Extended Family,9,170,29,3,1
236400,CAR,78101,Male,51,Single Family,5,500,46,3,1
251560,CAR,132630,Male,39,Single Family,4,30,14,1,1
288095,CAR,103726,Male,56,Single Family,4,125,40,2,1
93435,CAR,57155,Male,37,Single Family,5,50,7,1,1
223465,CAR,71058,Male,31,Extended Family,3,80,35,1,1
259580,CAR,64257,Male,60,Single Family,2,55,45,6,1
625370,CAR,169125,Male,58,Extended Family,9,150,25,4,1
306300,CAR,90875,Female,55,Extended Family,6,100,6,3,1
180248,CAR,57563,Female,54,Single Family,3,143,7,1,1
288097,CAR,132085,Male,73,Single Family,3,65,25,4,1
252864,CAR,125081,Female,44,Single Family,4,30,14,4,1
283804,CAR,118612,Male,66,Extended Family,8,63,25,2,1
661700,CAR,118147,Male,54,Single Family,6,100,15,5,1
518424,CAR,133980,Male,63,Single Family,4,200,14,6,1
790809,CAR,166437,Female,63,Extended Family,4,120,15,5,1
353225,CAR,128233,Male,48,Extended Family,8,70,15,1,1
488462,CAR,173631,Male,71,Single Family,3,100,13,4,1
361500,CAR,73223,Female,85,Single Family,2,120,25,4,1
354615,CAR,144675,Male,29,Single Family,5,55,15,4,1
230448,CAR,87156,Female,34,Single Family,2,50,25,1,1
491100,CAR,104873,Male,33,Single Family,4,200,25,4,1
851600,CAR,93201,Female,77,Extended Family,3,60,25,2,1
260800,CAR,86909,Male,26,Extended Family,2,80,25,1,1
270384,CAR,96580,Female,52,Single Family,3,152,55,4,1
122892,CAR,66237,Female,42,Single Family,2,50,25,1,1
1244902,CAR,238763,Male,48,Extended Family,10,120,35,4,1
148144,CAR,51335,Male,74,Single Family,3,50,75,2,1
304440,CAR,118014,Male,58,Single Family,5,70,25,3,1
397040,CAR,113882,Female,21,Two or More Nonrelated Persons/Members,2,60,15,2,1
515550,CAR,142394,Female,22,Single Family,3,75,25,2,1
308993,CAR,65245,Female,70,Extended Family,5,90,29,2,1
168160,CAR,21220,Male,69,Single Family,1,250,7,1,1
212310,CAR,74147,Male,22,Single Family,2,10,75,4,1
93025,CAR,42234,Male,34,Single Family,5,90,75,1,1
170050,CAR,55513,Male,42,Single Family,5,50,36,1,1
121630,CAR,41947,Female,44,Single Family,3,50,36,1,1
1078400,CAR,106991,Male,57,Single Family,4,63,25,3,1
621854,CAR,103442,Male,60,Extended Family,10,200,55,4,1
258545,CAR,65390,Female,53,Single Family,3,50,26,3,1
808572,CAR,110540,Male,52,Extended Family,9,80,20,9,1
461200,CAR,70463,Male,46,Single Family,4,260,25,4,1
335030,CAR,66292,Male,64,Extended Family,5,180,21,0,1
892601,CAR,252392,Female,74,Extended Family,6,240,33,4,1
482313,CAR,108713,Female,65,Extended Family,5,70,16,3,1
910433,CAR,97269,Male,45,Extended Family,6,80,15,6,1
213395,CAR,33565,Female,80,Single Family,1,70,55,2,1
334891,CAR,130153,Male,39,Extended Family,6,50,10,2,1
231940,CAR,128210,Male,40,Single Family,5,40,6,1,1
320490,CAR,50529,Male,52,Extended Family,2,130,16,3,1
310900,CAR,94709,Male,41,Extended Family,2,80,19,1,1
604732,CAR,131831,Female,47,Single Family,3,80,33,4,1
199672,CAR,169922,Male,65,Single Family,4,60,21,3,1
392284,CAR,120072,Male,37,Single Family,4,42,11,2,1
595300,CAR,129003,Female,60,Extended Family,7,40,17,3,1
453270,CAR,173831,Male,65,Extended Family,10,65,35,3,1
128410,CAR,58896,Male,41,Single Family,3,60,1,2,1
504714,CAR,110689,Male,62,Single Family,3,162,46,4,1
397244,CAR,111423,Female,52,Extended Family,3,50,40,2,1
665464,CAR,122585,Male,61,Single Family,5,65,37,4,1
255522,CAR,110745,Male,50,Single Family,6,40,29,2,1
106033,CAR,43155,Female,45,Extended Family,2,40,39,3,0
416054,CAR,106157,Male,65,Single Family,2,80,35,3,1
86698,CAR,27957,Male,44,Single Family,1,45,19,1,1
205020,CAR,137261,Male,49,Single Family,5,30,6,1,1
294850,CAR,75483,Male,51,Single Family,2,289,25,6,1
249540,CAR,110803,Female,45,Two or More Nonrelated Persons/Members,2,90,34,2,1
206610,CAR,96089,Male,34,Single Family,5,50,25,3,1
128375,CAR,83938,Male,51,Single Family,3,60,31,1,1
748550,CAR,186182,Female,50,Single Family,4,100,17,5,1
375725,CAR,130807,Male,44,Single Family,2,170,16,3,1
220449,CAR,119990,Male,39,Single Family,4,250,26,2,1
256210,CAR,73547,Male,59,Single Family,2,117,27,2,1
296000,CAR,114531,Female,49,Single Family,2,65,15,2,1
370508,CAR,74033,Female,78,Single Family,3,400,51,3,1
296446,CAR,103404,Male,26,Single Family,3,78,23,3,1
135967,CAR,62802,Female,39,Single Family,4,40,35,2,1
354400,CAR,138784,Male,55,Single Family,2,67,26,2,1
474810,CAR,135825,Male,67,Single Family,5,80,33,2,1
132663,CAR,61254,Male,67,Single Family,8,250,11,2,1
383433,CAR,91709,Male,46,Extended Family,9,150,15,2,1
484230,CAR,103445,Male,40,Single Family,5,200,9,2,0
336470,CAR,88513,Male,42,Single Family,4,150,14,3,1
254350,CAR,99427,Female,32,Two or More Nonrelated Persons/Members,5,200,63,2,1
139120,CAR,55110,Male,54,Single Family,2,54,70,1,1
284000,CAR,62558,Female,63,Single Family,1,150,19,2,1
312113,CAR,85731,Female,55,Extended Family,3,300,63,4,1
410617,CAR,130654,Male,65,Extended Family,5,300,24,2,1
215667,CAR,62334,Male,55,Single Family,6,150,35,2,1
341650,CAR,93459,Male,23,Single Family,3,100,24,2,1
193650,CAR,95840,Male,56,Single Family,3,160,33,3,1
92548,CAR,51141,Male,37,Single Family,6,50,8,1,1
190070,CAR,57125,Male,60,Single Family,4,150,13,3,1
165648,CAR,76035,Male,39,Single Family,5,200,15,4,1
93662,CAR,44244,Male,30,Single Family,4,90,35,1,1
231400,CAR,166514,Male,35,Extended Family,6,32,6,1,1
268365,CAR,98548,Female,68,Single Family,2,200,55,3,1
130310,CAR,48770,Male,29,Single Family,4,20,16,1,1
145110,CAR,97293,Male,34,Single Family,4,20,11,1,1
224686,CAR,114762,Male,38,Single Family,4,10,25,1,1
308890,CAR,81728,Male,46,Single Family,3,15,55,1,1
269100,CAR,142220,Male,26,Extended Family,5,100,28,2,1
654058,CAR,95337,Male,27,Extended Family,8,400,9,6,1
385418,CAR,149731,Male,60,Extended Family,3,120,75,6,1
293132,CAR,117010,Male,26,Single Family,2,10,1,1,1
153099,CAR,86321,Male,37,Single Family,3,7,6,0,1
129330,CAR,89477,Male,24,Single Family,3,8,0,1,1
337875,CAR,90017,Male,20,Single Family,2,20,41,1,1
363050,CAR,69294,Male,57,Single Family,6,175,26,3,1
496121,CAR,163921,Female,70,Extended Family,6,200,13,3,1
135288,CAR,55423,Female,33,Single Family,3,20,2,1,1
288490,CAR,158844,Male,60,Extended Family,8,100,65,3,1
637858,CAR,178064,Male,46,Single Family,5,150,40,3,1
310484,CAR,122025,Male,55,Single Family,4,20,15,3,1
196382,CAR,100453,Male,36,Single Family,4,7,3,1,1
427036,CAR,111948,Female,61,Single Family,3,50,20,2,1
2096620,CAR,254622,Male,61,Extended Family,5,520,45,6,1
1409663,CAR,96123,Male,33,Single Family,4,130,41,8,1
404370,CAR,123975,Male,59,Extended Family,3,100,25,3,1
1162500,CAR,301904,Male,44,Single Family,7,66,12,3,1
368580,CAR,62092,Female,27,Single Family,1,50,23,4,1
448522,CAR,61737,Male,65,Single Family,2,90,32,4,1
152077,CAR,26543,Female,35,Single Family,3,50,11,1,1
137316,CAR,81418,Male,35,Single Family,3,40,1,1,1
289600,CAR,46672,Male,36,Single Family,1,80,35,3,1
420950,CAR,126486,Male,39,Extended Family,4,90,32,4,1
196880,CAR,109436,Male,39,Single Family,4,80,6,2,1
1228580,CAR,156533,Male,55,Single Family,3,80,6,2,1
250288,CAR,41347,Male,24,Single Family,3,110,15,4,1
533750,CAR,108270,Male,41,Single Family,5,62,34,4,1
797200,CAR,116618,Female,58,Extended Family,5,63,14,3,1
884124,CAR,137662,Male,68,Single Family,7,53,45,3,1
1147562,CAR,178325,Male,66,Extended Family,7,200,21,6,1
121028,CAR,28855,Female,59,Single Family,1,9,35,0,1
245385,CAR,87486,Male,35,Extended Family,5,30,37,2,1
195000,CAR,86721,Male,35,Single Family,5,50,8,2,1
502000,CAR,99969,Female,68,Extended Family,7,96,25,3,1
163205,CAR,22156,Female,63,Single Family,1,80,29,1,1
203470,CAR,74300,Male,36,Single Family,5,30,9,1,1
316433,CAR,82294,Female,47,Single Family,3,35,23,2,1
391184,CAR,118921,Male,41,Single Family,6,58,10,2,1
99868,CAR,19161,Male,74,Single Family,2,15,30,0,1
242245,CAR,98183,Male,44,Single Family,5,50,35,2,1
324622,CAR,77767,Male,58,Single Family,6,50,29,3,1
571050,CAR,168034,Male,46,Extended Family,3,157,31,4,1
1264414,CAR,217616,Male,57,Extended Family,7,321,18,5,1
195060,CAR,85623,Male,49,Extended Family,5,50,30,2,1
1427462,CAR,120168,Male,79,Extended Family,7,210,33,8,1
149082,CAR,75910,Male,35,Single Family,5,56,26,3,1
325532,CAR,98483,Male,47,Extended Family,6,45,40,3,1
219685,CAR,86215,Male,40,Single Family,6,50,40,2,1
330110,CAR,46384,Male,49,Single Family,2,50,45,2,1
1146321,CAR,141448,Female,44,Extended Family,5,200,25,3,1
182128,CAR,149831,Male,34,Extended Family,6,50,55,2,1
260425,CAR,52954,Male,38,Extended Family,6,45,35,2,1
277531,CAR,254587,Female,46,Extended Family,6,50,25,1,1
180196,CAR,73343,Male,57,Single Family,5,70,23,4,1
185330,CAR,82822,Male,51,Single Family,6,50,23,1,1
494275,CAR,45894,Male,42,Single Family,1,59,20,4,1
101928,CAR,30220,Female,57,Single Family,2,20,40,1,1
164045,CAR,68005,Male,63,Extended Family,7,192,38,7,1
103177,CAR,40650,Male,57,Single Family,2,150,23,5,1
504366,CAR,110462,Male,68,Extended Family,7,100,35,8,1
721578,CAR,49615,Female,62,Extended Family,2,100,17,3,1
99873,CAR,35862,Female,75,Extended Family,3,70,20,2,1
481115,CAR,74513,Female,41,Extended Family,3,50,40,4,1
391829,CAR,51431,Female,67,Extended Family,3,50,50,3,1
224923,CAR,63863,Male,49,Single Family,6,50,25,5,1
929155,CAR,101474,Male,47,Extended Family,6,100,1,5,1
330057,CAR,83234,Male,70,Single Family,4,165,35,7,1
428250,CAR,106817,Male,47,Extended Family,9,70,23,5,1
156293,CAR,40069,Male,35,Single Family,2,50,20,2,1
158455,CAR,76433,Male,37,Single Family,7,50,30,2,1
140705,CAR,43278,Male,79,Single Family,2,40,15,1,1
261098,CAR,106032,Male,45,Single Family,5,200,17,4,1
278514,CAR,88694,Male,45,Single Family,5,100,18,4,1
274705,CAR,96658,Male,52,Extended Family,10,55,14,2,1
64206,CAR,22466,Male,76,Single Family,2,20,35,1,0
146233,CAR,52235,Male,31,Single Family,4,60,17,2,1
135624,CAR,57597,Female,57,Single Family,3,50,25,2,1
183420,CAR,69949,Male,47,Single Family,7,50,6,1,1
73278,CAR,51510,Male,30,Single Family,4,50,25,1,1
202912,CAR,64441,Male,48,Single Family,7,60,16,2,1
159893,CAR,93276,Male,40,Single Family,4,100,35,4,1
308855,CAR,67604,Male,67,Single Family,3,150,31,4,1
391390,CAR,86045,Male,47,Single Family,5,244,35,4,1
88620,CAR,60665,Female,41,Single Family,3,250,55,1,1
391805,CAR,79675,Male,48,Single Family,6,35,18,2,1
102630,CAR,47932,Male,30,Extended Family,2,150,35,3,1
560209,CAR,47306,Male,58,Single Family,3,432,9,3,1
203991,CAR,57371,Male,39,Single Family,1,25,65,2,1
89810,CAR,72161,Male,30,Single Family,4,100,55,1,1
225635,CAR,70390,Male,36,Single Family,4,43,5,1,1
499337,CAR,81347,Male,46,Extended Family,2,100,20,4,1
147955,CAR,56007,Female,62,Extended Family,7,100,7,0,1
395655,CAR,90371,Male,37,Extended Family,8,100,6,2,1
56385,CAR,46189,Male,34,Single Family,4,11,6,1,1
331145,CAR,66323,Male,48,Single Family,4,40,55,3,1
147385,CAR,92714,Male,62,Extended Family,6,288,33,4,1
82680,CAR,45756,Male,50,Single Family,1,224,34,3,1
142697,CAR,54252,Male,28,Single Family,3,11,14,2,1
340295,CAR,124213,Male,64,Extended Family,9,54,15,4,1
263490,CAR,79707,Female,56,Extended Family,5,20,29,4,1
97562,CAR,67697,Male,34,Single Family,6,49,55,4,1
172991,CAR,54097,Male,32,Single Family,3,168,55,1,1
88803,CAR,27662,Male,28,Single Family,1,20,65,4,1
191940,CAR,82714,Male,40,Single Family,3,65,22,5,1
109851,CAR,62157,Male,54,Extended Family,7,39,55,2,1
145694,CAR,63335,Female,46,Extended Family,3,135,35,3,1
323574,CAR,124891,Male,35,Single Family,4,25,65,3,1
269295,CAR,86019,Male,45,Extended Family,4,120,55,1,1
328177,CAR,73612,Male,62,Extended Family,7,360,16,2,1
325665,CAR,116747,Female,79,Extended Family,4,62,60,7,1
99350,CAR,45590,Male,37,Extended Family,3,192,7,1,1
200265,CAR,43528,Male,78,Single Family,2,81,53,6,1
263022,CAR,39774,Female,83,Single Family,3,720,65,3,1
86458,CAR,21555,Male,55,Single Family,1,43,39,5,1
196815,CAR,33615,Male,22,Single Family,3,11,30,1,1
224345,CAR,30779,Male,25,Single Family,3,100,10,2,1
190675,CAR,46118,Male,36,Single Family,3,17,15,1,1
91570,CAR,37731,Male,35,Single Family,3,17,19,0,1
204130,CAR,47517,Male,68,Single Family,3,28,11,2,1
304720,CAR,75997,Female,37,Single Family,4,108,20,4,1
198505,CAR,39080,Male,28,Single Family,5,15,23,0,0
190560,CAR,51294,Male,31,Single Family,5,90,16,0,0
467845,CAR,52665,Female,65,Single Family,4,29,20,1,1
122235,CAR,30065,Male,36,Single Family,2,11,6,0,0
454860,CAR,55062,Male,47,Single Family,3,238,18,4,1
175290,CAR,39016,Male,70,Single Family,3,25,21,1,1
135100,CAR,15952,Male,77,Single Family,1,25,55,2,1
285065,CAR,57849,Male,50,Single Family,3,126,6,3,1
206115,CAR,45501,Male,38,Single Family,6,20,55,0,0
226100,CAR,54899,Male,43,Single Family,3,168,30,0,0
234155,CAR,108325,Male,45,Single Family,6,64,40,2,1
223359,CAR,80270,Male,39,Single Family,5,50,40,1,1
217092,CAR,86052,Male,56,Single Family,4,85,30,2,1
373540,CAR,89223,Male,52,Extended Family,4,48,30,1,1
453416,CAR,110505,Male,53,Extended Family,10,120,15,3,1
74473,CAR,13484,Female,72,Single Family,1,70,24,3,1
329565,CAR,83408,Male,50,Extended Family,6,110,7,1,1
341505,CAR,78269,Male,56,Single Family,4,50,25,1,1
283071,CAR,41509,Female,59,Extended Family,5,30,25,0,1
278139,CAR,40705,Female,66,Single Family,2,70,45,2,1
285845,CAR,81868,Male,62,Extended Family,11,65,4,2,0
177740,CAR,50021,Male,38,Extended Family,6,50,23,2,1
232160,CAR,64442,Male,48,Extended Family,5,30,30,0,1
201800,CAR,77541,Male,57,Extended Family,5,30,30,1,1
176900,CAR,62614,Male,56,Single Family,3,60,30,0,1
244490,CAR,94129,Male,49,Extended Family,6,150,5,5,1
161560,CAR,50804,Male,43,Single Family,6,58,14,2,1
204280,CAR,105852,Male,43,Single Family,6,70,8,3,1
189602,CAR,75623,Male,30,Single Family,2,150,3,2,1
222466,CAR,83694,Male,40,Single Family,4,80,6,2,1
154966,CAR,84622,Male,40,Single Family,6,50,75,3,1
438295,CAR,115059,Female,62,Single Family,5,80,46,2,1
356167,CAR,111051,Male,72,Single Family,5,50,29,4,1
531804,CAR,123772,Male,45,Single Family,5,150,45,3,1
526620,CAR,131671,Male,90,Extended Family,9,50,7,3,1
444240,CAR,128577,Male,37,Extended Family,8,100,45,6,1
48778,CAR,22856,Male,65,Single Family,1,30,51,1,1
282535,CAR,111292,Male,41,Extended Family,9,32,22,1,1
152395,CAR,69054,Male,58,Single Family,3,38,28,2,1
574833,CAR,167198,Female,64,Extended Family,11,150,40,5,1
166975,CAR,75760,Male,59,Single Family,5,50,26,2,1
214850,CAR,80339,Male,45,Extended Family,5,80,22,3,1
368660,CAR,115001,Male,54,Extended Family,10,90,30,3,1
750620,CAR,117940,Male,42,Single Family,3,100,12,2,1
110410,CAR,51589,Male,36,Single Family,5,30,10,2,1
402150,CAR,89280,Male,52,Single Family,5,143,17,3,1
164740,CAR,67942,Male,49,Single Family,3,150,21,3,1
773000,CAR,101833,Male,46,Single Family,5,90,13,3,1
93419,CAR,38446,Female,75,Extended Family,3,30,52,1,1
79910,CAR,30158,Male,69,Single Family,2,40,40,2,1
318000,CAR,86456,Male,47,Single Family,4,80,29,4,1
125140,CAR,41028,Male,42,Single Family,7,60,8,2,1
211800,CAR,44767,Male,42,Single Family,6,70,13,2,1
180600,CAR,94024,Male,37,Single Family,4,90,2,2,1
425200,CAR,90280,Male,64,Single Family,7,50,13,2,1
83460,CAR,49571,Female,41,Single Family,5,20,25,1,1
137460,CAR,43473,Male,58,Single Family,2,50,9,2,1
462620,CAR,115651,Male,63,Extended Family,11,32,17,2,1
253625,CAR,91877,Male,52,Extended Family,9,180,25,2,0
358630,CAR,71442,Male,41,Extended Family,5,160,5,5,1
109847,CAR,45722,Female,68,Single Family,3,120,52,2,1
366922,CAR,77450,Female,37,Single Family,3,143,3,3,1
538186,CAR,63021,Female,75,Extended Family,4,100,44,3,1
570675,CAR,141519,Male,59,Extended Family,11,30,65,1,1
69313,CAR,25157,Female,67,Single Family,1,8,29,1,0
49538,CAR,20166,Female,83,Single Family,1,24,35,2,1
270815,CAR,126844,Male,46,Single Family,8,97,20,3,1
117295,CAR,39970,Male,48,Single Family,1,16,6,2,1
237835,CAR,58988,Female,67,Extended Family,4,40,17,2,1
317131,CAR,91431,Male,41,Single Family,6,60,6,3,1
127610,CAR,37099,Female,73,Extended Family,3,18,50,1,1
438639,CAR,97074,Female,53,Extended Family,6,28,25,2,0
178275,CAR,90093,Male,45,Single Family,6,15,35,1,1
297309,CAR,102004,Female,68,Extended Family,7,42,35,3,1
203456,CAR,99731,Male,70,Extended Family,9,42,41,2,1
115935,CAR,43400,Female,59,Single Family,2,60,23,3,1
191784,CAR,80570,Male,64,Extended Family,7,40,33,2,1
754745,CAR,101657,Female,61,Single Family,4,200,5,4,1
391740,CAR,73175,Male,65,Single Family,2,80,25,2,1
83715,CAR,48806,Male,36,Single Family,4,70,33,0,1
480778,CAR,86304,Male,90,Single Family,3,70,26,4,1
127790,CAR,51539,Male,73,Extended Family,3,60,29,3,1
113253,CAR,64712,Male,46,Single Family,7,20,65,2,1
137558,CAR,44154,Male,77,Single Family,1,120,69,2,1
435918,CAR,88162,Male,58,Single Family,5,200,65,4,1
103035,CAR,26682,Male,65,Single Family,1,50,16,2,1
257100,CAR,86169,Male,57,Single Family,9,50,22,2,1
250579,CAR,69919,Female,76,Extended Family,3,120,76,2,1
242285,CAR,78635,Male,38,Single Family,5,110,18,3,1
234860,CAR,90729,Male,45,Extended Family,10,150,40,1,1
683495,CAR,99246,Male,62,Extended Family,4,120,32,5,1
933195,CAR,101623,Female,65,Extended Family,10,150,18,0,1
323030,CAR,78812,Male,76,Extended Family,5,100,44,5,1
490113,CAR,150218,Male,20,Extended Family,7,65,17,4,1
339520,CAR,64099,Male,81,Extended Family,4,90,19,3,1
998642,CAR,100221,Male,34,Single Family,6,40,15,2,1
176949,CAR,73587,Female,58,Extended Family,4,60,23,3,1
228080,CAR,90000,Male,39,Extended Family,7,60,14,2,1
384040,CAR,113265,Female,61,Single Family,3,148,20,3,1
223510,CAR,94919,Female,82,Extended Family,5,48,85,2,1
175860,CAR,66467,Male,51,Extended Family,7,40,12,1,0
197038,CAR,88182,Male,37,Single Family,3,70,6,2,1
88375,CAR,54701,Male,74,Extended Family,4,30,40,1,0
153435,CAR,60796,Female,49,Single Family,2,16,15,1,1
565500,CAR,102329,Male,52,Single Family,5,70,65,3,1
558940,CAR,111863,Male,54,Extended Family,4,75,3,2,1
145660,CAR,48187,Male,26,Single Family,3,70,11,3,0
241264,CAR,70725,Male,62,Extended Family,3,196,31,4,1
376390,CAR,45961,Male,54,Single Family,3,40,21,1,1
207141,CAR,95266,Female,48,Single Family,4,38,19,2,1
152630,CAR,51674,Female,56,Extended Family,3,65,20,3,1
1101345,CAR,133604,Male,47,Extended Family,4,300,10,4,1
683763,CAR,107964,Male,65,Extended Family,5,200,35,3,1
1863630,CAR,327724,Female,59,Extended Family,13,740,30,5,1
306240,CAR,181846,Female,52,Extended Family,7,20,22,0,1
203220,CAR,81355,Male,51,Extended Family,6,100,10,1,1
1753059,CAR,241893,Male,57,Extended Family,6,300,8,3,1
310116,CAR,60249,Male,67,Extended Family,3,200,35,2,1
275523,CAR,90238,Male,30,Single Family,4,120,26,3,1
491052,CAR,107405,Male,65,Single Family,5,30,30,3,1
252240,CAR,92287,Male,52,Single Family,6,80,26,2,1
508721,CAR,136605,Male,59,Extended Family,8,189,36,4,1
137855,CAR,71937,Male,40,Single Family,5,20,35,1,1
187770,CAR,71088,Male,47,Single Family,5,48,35,1,1
433510,CAR,123819,Male,43,Extended Family,5,90,25,2,1
594611,CAR,71380,Male,56,Single Family,3,250,20,6,1
610464,CAR,85657,Female,71,Extended Family,9,110,27,9,1
499869,CAR,70790,Female,36,Extended Family,5,360,35,4,1
242700,CAR,58840,Male,49,Extended Family,6,20,11,2,1
510357,CAR,63282,Female,58,Single Family,3,32,55,2,1
186066,CAR,75772,Male,46,Single Family,7,26,15,2,1
274890,CAR,45398,Male,49,Extended Family,3,200,24,3,1
830392,CAR,152454,Male,60,Single Family,9,130,14,5,1
253838,CAR,79610,Female,65,Extended Family,5,400,13,4,1
274409,CAR,70616,Female,56,Extended Family,4,60,30,4,1
118565,CAR,41768,Male,38,Single Family,3,75,35,2,1
139110,CAR,46232,Male,67,Single Family,3,160,40,3,1
484575,CAR,65694,Male,32,Single Family,4,140,40,4,1
338858,CAR,86570,Male,60,Extended Family,5,62,25,4,1
297948,CAR,89028,Female,34,Single Family,4,48,15,2,1
315478,CAR,62775,Male,65,Single Family,2,300,50,6,1
185626,CAR,35183,Male,72,Single Family,2,168,78,6,1
1600870,CAR,120715,Male,50,Extended Family,7,100,25,4,1
120773,CAR,51049,Female,54,Single Family,3,160,25,2,1
68345,CAR,23218,Female,47,Single Family,1,10,35,1,1
500950,CAR,108340,Female,68,Extended Family,7,220,27,3,1
118285,CAR,50999,Male,23,Single Family,4,12,25,1,1
257085,CAR,109751,Female,48,Extended Family,3,100,17,3,1
121030,CAR,36305,Female,20,Single Family,1,6,15,0,1
211160,CAR,76224,Male,73,Extended Family,7,140,35,4,1
210080,CAR,72252,Male,28,Extended Family,4,6,15,0,1
550630,CAR,134231,Male,63,Extended Family,6,150,29,4,1
93310,CAR,31316,Male,70,Single Family,2,5,35,0,1
188050,CAR,94609,Male,35,Single Family,6,20,35,0,1
121734,CAR,44325,Female,29,Single Family,1,8,35,0,1
250796,CAR,97998,Male,36,Single Family,4,80,35,2,1
126660,CAR,72090,Male,37,Single Family,4,20,26,1,1
223165,CAR,86358,Male,36,Single Family,5,24,4,1,1
418580,CAR,99072,Male,58,Extended Family,8,100,31,5,1
1128274,CAR,139780,Male,59,Single Family,5,100,18,8,1
292440,CAR,76448,Male,35,Extended Family,5,30,69,3,1
246519,CAR,58909,Male,46,Single Family,1,288,25,5,1
366367,CAR,72743,Male,43,Single Family,4,280,26,3,1
635174,CAR,76660,Male,39,Single Family,4,36,15,4,1
420985,CAR,73578,Male,49,Single Family,5,37,19,6,1
255540,CAR,69255,Male,66,Extended Family,4,150,3,3,1
340750,CAR,113346,Female,48,Extended Family,8,30,33,2,1
669086,CAR,103378,Male,75,Extended Family,6,160,35,5,1
181914,CAR,47921,Female,28,Single Family,3,20,15,1,1
614332,CAR,109803,Male,40,Single Family,5,79,5,4,1
205280,CAR,47913,Female,59,Extended Family,3,120,30,4,1
460062,CAR,94428,Male,80,Extended Family,7,480,35,5,1
516106,CAR,90637,Male,61,Single Family,3,225,23,5,1
515827,CAR,107545,Male,56,Single Family,4,160,35,4,1
315713,CAR,79714,Male,46,Single Family,5,80,15,4,1
243422,CAR,80892,Female,84,Single Family,2,58,51,4,1
225687,CAR,82931,Male,51,Single Family,4,12,23,1,1
570341,CAR,179136,Female,62,Extended Family,13,108,18,3,1
327933,CAR,97604,Male,51,Single Family,5,38,22,2,1
429531,CAR,127900,Male,33,Single Family,6,52,39,5,1
379745,CAR,94812,Male,29,Single Family,5,75,8,2,1
275675,CAR,90152,Male,46,Single Family,3,250,17,8,1
125150,CAR,28924,Male,56,Single Family,1,480,15,4,1
245410,CAR,43680,Male,63,Single Family,1,200,15,4,1
560900,CAR,85808,Male,26,Single Family,3,480,55,3,1
84486,CAR,46006,Male,56,Single Family,2,35,55,1,1
571050,CAR,123132,Male,41,Single Family,4,360,55,3,1
309200,CAR,72050,Male,37,Single Family,5,80,55,2,1
678822,CAR,91196,Male,41,Single Family,4,65,35,3,1
267800,CAR,90733,Male,43,Single Family,6,432,7,3,1
153110,CAR,70818,Male,50,Single Family,5,32,55,5,1
217238,CAR,74242,Male,48,Single Family,4,480,39,5,1
256540,CAR,49779,Male,59,Single Family,3,320,14,3,1
164820,CAR,92802,Male,48,Single Family,5,80,55,1,1
109243,CAR,73070,Male,33,Single Family,5,100,0,2,1
279550,CAR,91890,Male,48,Single Family,1,160,15,4,1
599185,CAR,130891,Male,41,Single Family,5,300,15,2,1
335546,CAR,79526,Male,59,Extended Family,7,480,19,2,1
233010,CAR,44219,Male,69,Single Family,2,150,25,3,1
132700,CAR,45102,Male,42,Single Family,5,180,45,2,1
193500,CAR,90102,Male,40,Single Family,6,150,10,4,1
98705,CAR,18250,Male,78,Single Family,1,100,25,2,1
764484,CAR,142398,Male,66,Extended Family,9,150,12,2,1
382390,CAR,99705,Male,48,Single Family,6,150,13,3,1
371330,CAR,69294,Female,43,Single Family,12,100,20,2,1
209899,CAR,88904,Male,53,Extended Family,10,360,26,2,1
149699,CAR,66802,Male,36,Extended Family,4,100,15,2,1
259736,CAR,84697,Male,62,Single Family,3,180,25,3,1
285360,CAR,113932,Male,51,Extended Family,4,100,15,3,1
275610,CAR,62367,Male,71,Single Family,2,200,14,2,1
259329,CAR,67758,Male,61,Single Family,2,39,17,4,1
98290,CAR,40926,Male,59,Single Family,1,100,35,4,1
48533,CAR,18076,Female,80,Single Family,1,107,45,2,1
144805,CAR,47706,Male,58,Single Family,1,42,11,2,1
171975,CAR,77460,Female,50,Single Family,4,26,21,1,1
565647,CAR,36335,Male,75,Single Family,1,10,11,0,0
80720,CAR,26729,Male,46,Single Family,1,24,35,2,0
368805,CAR,90102,Female,58,Extended Family,10,150,13,1,1
149035,CAR,79545,Male,38,Single Family,5,25,6,0,1
246923,CAR,67937,Female,60,Extended Family,4,40,11,0,0
58620,CAR,41662,Female,80,Single Family,2,80,29,4,0
472545,CAR,61823,Male,59,Single Family,2,59,15,4,1
475488,CAR,122988,Male,62,Single Family,5,100,10,5,1
473995,CAR,165006,Male,50,Single Family,8,80,15,2,1
190040,CAR,67064,Female,77,Single Family,1,100,10,2,1
404862,CAR,154081,Male,49,Extended Family,4,43,27,3,1
237735,CAR,93926,Male,54,Extended Family,7,50,20,2,1
58192,CAR,29557,Female,54,Single Family,1,15,28,1,1
326366,CAR,103263,Male,65,Extended Family,6,68,1,1,1
116992,CAR,62821,Male,39,Single Family,4,15,1,0,0
318355,CAR,95913,Male,55,Single Family,4,85,15,3,1
132690,CAR,40698,Male,62,Single Family,1,112,4,2,1
131115,CAR,34581,Male,78,Single Family,2,56,38,2,1
274340,CAR,127649,Male,75,Extended Family,5,120,45,2,1
120620,CAR,53421,Male,51,Single Family,3,48,13,2,1
453055,CAR,124914,Male,65,Extended Family,8,120,21,4,1
90080,CAR,36743,Female,63,Single Family,1,80,15,2,1
458008,CAR,112037,Male,40,Single Family,5,12,28,1,1
286447,CAR,108028,Male,39,Single Family,4,14,48,2,1
302272,CAR,112829,Male,36,Single Family,9,32,35,2,1
298345,CAR,62982,Male,32,Single Family,1,32,48,2,1
636231,CAR,125399,Male,40,Single Family,4,24,26,2,1
156880,CAR,89143,Male,30,Extended Family,4,40,14,1,1
913730,CAR,109195,Male,67,Extended Family,2,80,27,3,1
117835,CAR,46372,Female,71,Extended Family,2,60,33,2,1
194208,CAR,62346,Male,26,Single Family,3,40,5,1,1
164500,CAR,94533,Male,52,Single Family,3,30,2,1,1
263860,CAR,80052,Male,55,Single Family,5,80,35,3,1
454460,CAR,172884,Female,54,Extended Family,6,120,22,4,1
6042860,CAR,149996,Male,66,Extended Family,4,130,17,5,1
389310,CAR,93541,Female,52,Extended Family,7,100,15,4,1
82430,CAR,41037,Male,81,Single Family,2,60,25,2,1
289900,CAR,84449,Male,66,Extended Family,6,100,1,3,1
413070,CAR,109842,Male,48,Extended Family,5,90,2,5,1
206960,CAR,93568,Male,39,Single Family,4,100,10,3,1
440500,CAR,111748,Female,65,Single Family,4,50,9,0,1
227655,CAR,49992,Male,70,Single Family,2,50,35,4,1
392229,CAR,152799,Male,46,Single Family,6,200,19,4,1
191640,CAR,106158,Male,27,Single Family,4,100,9,1,1
127412,CAR,40407,Male,58,Single Family,2,16,11,0,1
341987,CAR,108940,Male,59,Single Family,4,90,15,4,1
326250,CAR,61403,Female,56,Single Family,2,56,55,2,1
592855,CAR,142216,Female,56,Single Family,2,700,30,3,1
174789,CAR,69459,Male,42,Single Family,4,45,13,3,1
186473,CAR,72735,Male,55,Extended Family,8,200,2,1,1
174882,CAR,120608,Male,41,Extended Family,8,100,17,4,1
465410,CAR,102412,Male,56,Single Family,4,144,21,4,1
233692,CAR,75451,Male,31,Single Family,4,80,22,3,1
183510,CAR,80088,Male,59,Single Family,4,50,5,2,1
115949,CAR,26326,Female,73,Single Family,1,160,35,2,1
243734,CAR,69227,Male,56,Extended Family,6,96,19,2,1
512891,CAR,86939,Male,70,Single Family,3,63,21,4,1
252819,CAR,58915,Female,42,Single Family,3,150,19,3,1
545474,CAR,71400,Male,44,Single Family,2,97,20,1,1
358415,CAR,106670,Male,65,Single Family,5,50,25,2,1
291994,CAR,95521,Male,38,Single Family,3,500,9,2,1
455030,CAR,108513,Female,65,Single Family,7,100,12,4,1
85505,CAR,24359,Male,70,Single Family,1,43,25,1,0
101060,CAR,44974,Female,62,Single Family,3,50,23,2,1
252514,CAR,95674,Male,79,Extended Family,8,27,23,4,1
248555,CAR,93423,Male,58,Extended Family,5,100,31,4,1
135395,CAR,45174,Male,42,Single Family,5,18,15,2,1
193040,CAR,52765,Male,66,Extended Family,3,18,43,0,1
154345,CAR,58542,Male,42,Single Family,6,40,13,2,1
135920,CAR,42726,Female,57,Extended Family,2,56,25,2,1
70733,CAR,24287,Female,71,Single Family,1,45,47,3,1
377307,CAR,90562,Male,70,Extended Family,6,80,55,5,1
213294,CAR,92115,Male,41,Single Family,4,80,14,3,1
324982,CAR,67764,Male,98,Single Family,7,36,28,4,1
348730,CAR,101833,Male,65,Extended Family,8,67,14,5,1
314968,CAR,51784,Male,85,Single Family,6,23,35,2,1
111045,CAR,70247,Male,68,Extended Family,3,45,12,1,0
201078,CAR,82521,Male,75,Extended Family,9,50,1,3,1
149540,CAR,41665,Male,29,Single Family,3,120,51,2,1
105480,CAR,30372,Female,55,Single Family,2,50,23,0,0
305053,CAR,81422,Male,33,Single Family,4,256,23,4,1
212010,CAR,76087,Male,62,Single Family,3,155,18,2,1
144089,CAR,66092,Female,56,Extended Family,4,90,15,6,1
304046,CAR,132025,Male,49,Single Family,6,100,17,5,1
264352,CAR,107236,Male,39,Single Family,5,80,12,3,1
118592,CAR,73876,Male,44,Single Family,6,80,1,2,1
181848,CAR,138167,Female,56,Extended Family,4,80,45,2,1
592271,CAR,197307,Male,53,Single Family,4,120,6,3,1
192644,CAR,101571,Male,45,Single Family,5,100,10,4,1
737182,CAR,189359,Male,53,Extended Family,9,40,23,4,1
174522,CAR,58052,Male,63,Single Family,4,60,38,2,1
166503,CAR,64914,Female,52,Extended Family,4,100,23,5,1
267950,CAR,160200,Male,61,Extended Family,8,180,80,5,1
197121,CAR,91804,Male,28,Single Family,3,80,25,3,1
175988,CAR,77225,Male,58,Single Family,5,100,55,3,1
128506,CAR,48515,Male,67,Single Family,2,90,10,4,1
215223,CAR,42020,Male,57,Single Family,1,50,7,3,1
231040,CAR,67312,Male,79,Extended Family,3,150,35,4,1
318888,CAR,139072,Male,50,Extended Family,15,100,22,3,1
562934,CAR,240768,Female,62,Extended Family,8,90,30,3,1
212243,CAR,54187,Male,80,Single Family,4,70,45,4,1
529954,CAR,169135,Male,74,Extended Family,4,400,42,3,1
99840,CAR,50316,Male,46,Extended Family,6,360,45,2,1
160324,CAR,83364,Male,68,Single Family,5,224,23,2,0
456315,CAR,131272,Male,63,Extended Family,8,320,6,3,1
158851,CAR,78515,Male,52,Extended Family,5,224,11,2,0
145201,CAR,57159,Male,76,Single Family,3,224,2,2,0
97192,CAR,39436,Male,74,Single Family,2,100,27,1,1
192900,CAR,74004,Male,63,Extended Family,8,168,16,2,1
117830,CAR,63474,Male,36,Single Family,7,17,12,1,1
131195,CAR,84850,Male,40,Single Family,7,224,7,2,1
181268,CAR,81630,Male,42,Single Family,7,288,17,2,1
184165,CAR,77857,Male,49,Single Family,7,14,20,0,0
146375,CAR,70514,Male,35,Single Family,7,192,3,2,1
293189,CAR,59535,Male,49,Single Family,7,42,11,2,1
159942,CAR,29562,Female,75,Single Family,1,24,25,2,1
199389,CAR,65955,Male,37,Single Family,6,360,25,3,1
143659,CAR,60760,Male,53,Single Family,5,30,31,1,1
131711,CAR,76353,Female,65,Extended Family,12,56,35,3,1
215792,CAR,47115,Male,60,Single Family,4,140,25,2,1
128152,CAR,72018,Male,76,Single Family,4,30,32,2,1
92975,CAR,69923,Male,40,Single Family,4,64,17,2,1
242010,CAR,59301,Male,34,Single Family,6,30,7,1,1
68455,CAR,55273,Male,33,Single Family,6,20,8,2,1
82120,CAR,32020,Female,32,Single Family,3,60,2,2,1
72433,CAR,47705,Male,38,Single Family,3,12,30,1,1
140818,CAR,81287,Male,73,Single Family,7,25,9,4,1
70195,CAR,47903,Male,33,Single Family,4,168,21,3,1
95775,CAR,44145,Male,53,Single Family,6,49,2,1,1
210385,CAR,92056,Male,37,Single Family,4,30,6,2,1
157130,CAR,69447,Male,62,Single Family,2,50,27,4,1
123463,CAR,50108,Male,49,Single Family,4,30,17,2,1
179545,CAR,100434,Male,36,Single Family,7,48,14,2,1
40818,CAR,12995,Male,81,Single Family,1,16,2,0,1
87495,CAR,26568,Male,66,Single Family,2,12,3,1,1
154631,CAR,54593,Female,66,Extended Family,9,30,35,2,1
233837,CAR,83553,Female,63,Single Family,3,42,3,2,1
102492,CAR,65702,Male,51,Extended Family,7,17,25,2,1
735852,CAR,76246,Male,39,Single Family,5,144,11,4,1
336730,CAR,43148,Female,76,Extended Family,3,32,29,1,1
201991,CAR,64509,Male,75,Single Family,5,46,35,3,1
563371,CAR,77646,Male,63,Extended Family,5,34,34,3,1
116357,CAR,60958,Male,39,Single Family,6,16,18,1,1
240611,CAR,116641,Male,48,Single Family,5,50,16,4,1
556873,CAR,117069,Male,57,Extended Family,10,64,6,4,1
474524,CAR,79340,Male,65,Single Family,3,50,15,2,1
210028,CAR,70475,Male,67,Extended Family,6,60,25,4,1
141991,CAR,43447,Male,52,Single Family,3,30,12,2,1
158392,CAR,44615,Male,51,Single Family,3,35,5,3,1
36783,CAR,15165,Female,44,Single Family,1,15,46,1,1
352805,CAR,77955,Male,69,Extended Family,6,35,14,1,1
579610,CAR,61774,Male,78,Extended Family,5,120,7,3,1
127575,CAR,52814,Male,49,Single Family,3,30,31,1,0
87528,CAR,33804,Male,69,Single Family,3,252,10,4,1
308644,CAR,99793,Male,61,Extended Family,7,210,2,4,1
191480,CAR,62788,Male,44,Single Family,5,80,18,3,1
385485,CAR,119182,Male,57,Single Family,3,55,45,2,1
166995,CAR,96180,Male,32,Extended Family,5,55,45,2,1
476315,CAR,150717,Male,48,Single Family,7,55,44,2,1
204775,CAR,136424,Male,43,Single Family,8,30,42,3,1
221440,CAR,65709,Female,65,Single Family,5,100,14,3,1
777190,CAR,244750,Female,47,Extended Family,7,90,18,5,1
675500,CAR,103936,Male,73,Extended Family,4,45,31,2,1
184105,CAR,62782,Female,68,Extended Family,5,60,45,3,1
127434,CAR,40101,Female,79,Single Family,2,35,26,0,1
138300,CAR,54899,Male,58,Single Family,2,50,29,2,1
229636,CAR,61988,Female,59,Single Family,5,60,24,2,1
156852,CAR,66222,Male,35,Single Family,5,45,15,2,1
165786,CAR,76629,Female,55,Single Family,6,20,11,2,0
250840,CAR,119095,Male,62,Single Family,7,360,15,3,1
1254129,CAR,276092,Male,42,Single Family,7,150,4,4,1
687441,CAR,171852,Male,56,Extended Family,8,288,25,3,1
692594,CAR,120653,Male,57,Single Family,4,320,18,3,1
879889,CAR,135375,Male,50,Single Family,4,228,15,5,1
1090977,CAR,90130,Male,32,Single Family,4,50,30,5,1
93368,CAR,45651,Male,33,Single Family,7,15,25,2,1
67756,CAR,35357,Male,38,Single Family,5,30,20,3,1
66805,CAR,43030,Male,34,Single Family,5,20,16,1,1
116342,CAR,84454,Male,45,Extended Family,7,80,55,1,1
67980,CAR,43383,Male,43,Single Family,6,16,9,2,1
162736,CAR,54608,Female,45,Single Family,6,14,22,2,1
31519,CAR,18154,Female,59,Single Family,1,20,27,2,1
42297,CAR,23288,Male,57,Single Family,2,7,3,0,1
92734,CAR,69332,Male,49,Single Family,5,16,28,2,1
154470,CAR,39631,Male,68,Extended Family,9,15,38,1,1
100452,CAR,36199,Female,33,Extended Family,5,20,100,0,1
71350,CAR,43426,Male,29,Single Family,5,12,4,2,1
63533,CAR,44987,Male,66,Single Family,2,15,2,1,1
281621,CAR,81931,Female,55,Extended Family,6,24,25,2,1
241795,CAR,73864,Male,31,Single Family,5,68,7,2,1
165727,CAR,67852,Male,55,Single Family,7,30,30,2,1
116845,CAR,58774,Male,22,Single Family,5,18,25,2,1
168813,CAR,89200,Male,53,Single Family,6,49,25,2,1
167359,CAR,51072,Female,51,Extended Family,3,70,18,2,1
62095,CAR,36530,Female,75,Single Family,1,12,7,1,1
226286,CAR,82511,Male,42,Single Family,5,200,35,2,1
285677,CAR,238550,Male,58,Extended Family,4,49,45,2,1
207432,CAR,74170,Male,33,Single Family,5,80,5,2,1
145744,CAR,82492,Male,36,Single Family,5,36,12,2,1
230373,CAR,93689,Male,33,Extended Family,7,72,6,2,1
305466,CAR,80912,Male,45,Single Family,4,45,20,4,1
125129,CAR,89854,Male,43,Single Family,6,20,14,2,1
270807,CAR,87770,Male,39,Extended Family,5,100,25,4,1
554488,CAR,99739,Male,61,Extended Family,11,49,37,4,1
163266,CAR,86723,Male,37,Single Family,5,270,13,2,1
361135,CAR,126528,Female,35,Extended Family,7,16,11,2,1
325344,CAR,82254,Male,46,Single Family,6,36,11,3,1
207527,CAR,69329,Male,49,Single Family,4,63,8,3,1
150149,CAR,41975,Male,38,Single Family,1,12,14,1,0
591600,CAR,134010,Male,53,Single Family,11,42,45,2,1
108172,CAR,59918,Male,44,Single Family,1,200,13,3,0
205918,CAR,38320,Male,51,Single Family,4,16,19,2,0
174232,CAR,112503,Male,37,Single Family,7,60,12,1,1
121096,CAR,47960,Male,51,Single Family,4,30,1,1,1
86340,CAR,30515,Male,79,Single Family,2,92,42,3,1
122445,CAR,41789,Male,32,Single Family,4,20,4,1,1
360904,CAR,35648,Male,43,Single Family,1,400,17,4,1
154766,CAR,90969,Male,37,Single Family,7,144,3,1,1
246955,CAR,46116,Male,37,Single Family,3,30,6,2,1
52809,CAR,27424,Male,28,Single Family,3,20,1,1,0
73642,CAR,40403,Male,54,Single Family,5,12,10,1,0
263436,CAR,73156,Male,40,Single Family,7,80,16,4,1
53048,CAR,20358,Male,48,Single Family,2,42,35,1,0
54153,CAR,22287,Male,68,Single Family,1,5,21,0,0
177505,CAR,65391,Male,62,Single Family,7,400,11,2,1
189029,CAR,72421,Male,46,Single Family,5,160,3,2,1
146152,CAR,82526,Male,52,Single Family,8,20,35,0,1
235950,CAR,98774,Male,53,Single Family,9,12,37,0,1
347632,CAR,160047,Male,50,Extended Family,11,32,5,3,1
194009,CAR,59331,Male,44,Single Family,7,40,10,2,1
247895,CAR,83184,Male,39,Single Family,6,48,20,2,1
248023,CAR,63418,Female,63,Extended Family,5,200,8,1,1
121456,CAR,47863,Male,63,Extended Family,5,20,22,2,0
195670,CAR,76605,Male,47,Single Family,8,80,25,4,0
119493,CAR,61204,Male,64,Extended Family,5,64,11,2,1
57162,CAR,16100,Male,47,Single Family,1,20,24,2,1
216724,CAR,103407,Male,41,Single Family,5,72,5,2,1
134812,CAR,84787,Male,52,Single Family,13,40,15,2,1
208527,CAR,81591,Male,45,Single Family,7,28,3,3,1
89950,CAR,35213,Female,38,Single Family,3,80,35,1,1
57456,CAR,17519,Female,56,Single Family,2,20,35,1,1
59807,CAR,49388,Male,32,Single Family,5,74,7,2,1
38034,CAR,13768,Female,65,Single Family,1,16,35,1,1
132150,CAR,51068,Male,65,Single Family,12,20,30,1,1
98793,CAR,64397,Female,66,Single Family,7,60,15,2,1
59045,CAR,43845,Male,38,Single Family,6,168,8,1,1
57842,CAR,35515,Male,27,Single Family,5,20,15,1,1
160996,CAR,49400,Female,80,Single Family,1,26,15,3,1
79757,CAR,66214,Male,49,Single Family,7,64,17,2,1
116910,CAR,82710,Male,46,Single Family,6,64,20,2,1
152133,CAR,57753,Male,29,Single Family,6,64,13,2,1
88728,CAR,60444,Male,42,Single Family,5,20,25,1,1
123517,CAR,84079,Male,49,Single Family,10,30,37,2,0
55477,CAR,17677,Female,77,Extended Family,3,16,78,1,0
53156,CAR,26613,Male,80,Single Family,2,28,43,2,1
39733,CAR,15174,Male,85,Single Family,1,20,22,2,1
69500,CAR,28611,Female,74,Single Family,1,7,36,0,1
33955,CAR,18389,Male,75,Single Family,1,20,15,1,0
66737,CAR,59170,Male,39,Single Family,6,20,9,1,1
113157,CAR,75235,Male,71,Single Family,7,56,13,2,1
68841,CAR,41634,Male,71,Single Family,3,36,43,1,1
70592,CAR,36367,Male,67,Single Family,3,20,55,1,1
56845,CAR,20053,Male,38,Single Family,1,20,55,1,1
76610,CAR,45060,Female,75,Single Family,3,12,37,1,1
135122,CAR,48188,Male,41,Single Family,6,64,25,3,1
78157,CAR,45322,Male,62,Extended Family,8,16,32,1,1
172828,CAR,97264,Male,60,Single Family,12,81,19,3,1
67520,CAR,55565,Male,42,Single Family,6,20,41,1,1
106273,CAR,48398,Male,68,Single Family,3,20,42,1,1
88758,CAR,62620,Male,42,Single Family,6,40,12,2,1
98303,CAR,61690,Male,36,Single Family,7,20,30,2,1
153013,CAR,85967,Male,46,Single Family,7,210,13,4,1
45570,CAR,17272,Male,63,Single Family,2,30,35,2,1
141070,CAR,54632,Male,33,Single Family,6,100,11,2,1
376374,CAR,89624,Male,28,Single Family,4,70,30,2,1
160986,CAR,62970,Male,39,Single Family,4,54,13,3,1
121345,CAR,34937,Male,24,Single Family,3,30,25,1,0
51263,CAR,23837,Female,70,Single Family,3,15,21,1,0
159960,CAR,66160,Male,43,Single Family,3,135,23,3,1
332145,CAR,91435,Male,53,Single Family,7,63,22,2,1
409135,CAR,63313,Male,66,Single Family,5,85,20,5,0
230915,CAR,89004,Male,43,Single Family,5,100,28,5,1
145515,CAR,73079,Male,41,Single Family,6,25,10,2,1
204466,CAR,103383,Male,50,Extended Family,8,150,20,3,1
144091,CAR,44912,Male,62,Single Family,2,20,31,2,1
206666,CAR,65940,Male,37,Single Family,8,30,1,2,1
175860,CAR,68766,Male,66,Extended Family,10,35,20,3,1
409105,CAR,111725,Male,45,Single Family,11,30,25,2,1
212317,CAR,123346,Male,48,Single Family,8,80,14,4,1
445115,CAR,111876,Male,69,Extended Family,10,48,22,4,1
46971,CAR,20251,Female,83,Single Family,1,20,15,2,0
187778,CAR,59942,Male,63,Extended Family,9,30,25,3,1
452475,CAR,68931,Male,65,Single Family,7,30,15,2,1
72914,CAR,59776,Male,38,Single Family,6,20,35,0,1
100231,CAR,51749,Male,39,Extended Family,5,29,12,1,1
96763,CAR,70613,Male,48,Extended Family,9,11,16,0,1
84765,CAR,44294,Male,68,Extended Family,7,36,35,0,1
63607,CAR,51581,Male,59,Extended Family,4,20,8,1,1
336225,CAR,112025,Male,51,Extended Family,12,13,25,0,1
38167,CAR,15951,Male,77,Single Family,1,11,45,0,1
77001,CAR,62655,Male,64,Extended Family,4,52,5,2,1
64407,CAR,72631,Male,36,Single Family,8,16,8,0,1
95405,CAR,58156,Male,45,Single Family,6,28,10,0,1
39673,CAR,27104,Male,55,Single Family,2,16,37,0,1
144660,CAR,59841,Female,54,Extended Family,5,72,31,2,1
79209,CAR,63486,Male,44,Single Family,5,14,23,1,1
244738,CAR,92573,Male,64,Extended Family,8,40,15,2,1
63954,CAR,36417,Male,68,Extended Family,4,65,11,0,1
390070,CAR,76200,Male,52,Single Family,9,25,5,0,1
231534,CAR,75400,Male,63,Extended Family,11,39,16,2,1
82513,CAR,67758,Male,56,Extended Family,4,20,20,0,1
193430,CAR,68795,Male,61,Extended Family,9,43,15,0,1
179542,CAR,74542,Male,59,Extended Family,7,40,25,1,1
254548,CAR,76266,Male,46,Extended Family,11,20,17,1,1
207570,CAR,71337,Male,61,Extended Family,9,67,61,1,1
79514,CAR,38867,Male,49,Extended Family,5,16,27,1,1
87781,CAR,47394,Male,76,Single Family,5,42,15,1,1
375181,CAR,60515,Male,47,Single Family,5,41,11,2,1
123565,CAR,59318,Male,49,Extended Family,5,12,17,1,1
127020,CAR,38749,Male,23,Single Family,3,16,25,2,1
62673,CAR,63938,Female,38,Single Family,6,17,14,0,1
89278,CAR,26703,Male,60,Single Family,2,20,16,1,1
130317,CAR,56064,Female,46,Single Family,4,24,46,2,1
525063,CAR,67255,Male,48,Extended Family,4,30,55,0,1
575875,CAR,88025,Male,60,Single Family,5,80,23,3,1
105418,CAR,65907,Male,54,Single Family,10,12,3,1,0
107890,CAR,82854,Male,37,Single Family,8,30,2,1,1
294121,CAR,86994,Female,75,Extended Family,3,160,45,5,1
326941,CAR,94790,Male,51,Single Family,6,20,15,2,1
238782,CAR,71922,Male,49,Single Family,6,18,6,0,1
164485,CAR,69645,Male,57,Single Family,4,20,2,1,1
140196,CAR,76863,Male,52,Single Family,5,24,28,0,1
183812,CAR,76744,Male,79,Single Family,5,56,55,2,1
366434,CAR,82626,Male,66,Single Family,3,118,15,6,1
214992,CAR,60517,Male,46,Single Family,3,100,12,1,1
97117,CAR,26019,Male,56,Single Family,1,27,25,1,0
136952,CAR,98493,Female,64,Extended Family,7,20,33,1,1
93121,CAR,64934,Male,50,Single Family,5,40,16,0,0
511173,CAR,132134,Male,46,Extended Family,8,40,19,3,1
317818,CAR,69728,Male,41,Single Family,5,49,10,2,1
89347,CAR,44684,Male,60,Single Family,2,72,30,2,1
187802,CAR,84348,Male,46,Single Family,5,26,12,1,1
235841,CAR,52025,Male,64,Single Family,4,75,41,1,1
191705,CAR,52664,Male,37,Single Family,4,18,9,0,1
179298,CAR,82077,Male,58,Extended Family,5,70,25,2,1
92703,CAR,64298,Male,58,Extended Family,4,32,25,2,1
307197,CAR,108455,Male,60,Extended Family,7,30,5,2,1
250856,CAR,134132,Male,49,Two or More Nonrelated Persons/Members,11,18,20,2,1
247688,CAR,66092,Male,62,Single Family,3,20,22,2,1
402378,CAR,50801,Female,77,Single Family,3,42,21,2,1
378654,CAR,133949,Male,45,Extended Family,8,80,23,2,1
191283,CAR,108989,Female,66,Extended Family,8,60,45,2,1
1162346,CAR,206778,Male,59,Extended Family,7,84,24,4,1
443948,CAR,159483,Male,64,Extended Family,5,120,35,3,1
522200,CAR,133233,Female,73,Extended Family,5,31,39,3,1
306434,CAR,124479,Female,44,Single Family,3,32,55,2,1
227102,CAR,112184,Female,68,Two or More Nonrelated Persons/Members,3,108,55,2,1
501476,CAR,94946,Female,66,Single Family,4,32,55,2,1
132911,CAR,39874,Male,43,Extended Family,3,30,18,2,1
152661,CAR,59548,Male,40,Single Family,2,36,25,1,1
549223,CAR,54911,Male,56,Single Family,5,42,45,3,1
173855,CAR,60421,Female,67,Extended Family,6,60,35,3,1
607161,CAR,129674,Male,54,Extended Family,8,54,35,2,1
74869,CAR,61798,Male,37,Extended Family,3,25,7,1,1
119645,CAR,73506,Male,48,Single Family,4,59,14,2,1
156830,CAR,81774,Male,61,Extended Family,4,60,55,2,1
115120,CAR,67288,Male,52,Extended Family,6,24,18,1,1
339076,CAR,58332,Male,77,Extended Family,4,35,4,2,1
260830,CAR,115764,Male,70,Extended Family,7,40,15,3,1
240599,CAR,67953,Female,62,Single Family,1,34,24,2,1
231673,CAR,67824,Male,46,Single Family,3,12,27,1,1
49326,CAR,14758,Male,59,Single Family,1,6,1,0,0
257114,CAR,140964,Male,63,Extended Family,6,45,18,2,1
27513,CAR,14233,Female,81,Single Family,1,16,15,1,1
507612,CAR,109375,Female,65,Single Family,4,50,8,2,1
134534,CAR,90347,Male,48,Extended Family,6,42,12,2,1
165505,CAR,73603,Male,60,Extended Family,8,16,10,0,1
116614,CAR,61368,Male,62,Single Family,6,150,20,2,1
88756,CAR,61585,Male,37,Single Family,8,40,12,2,1
73287,CAR,65881,Male,55,Single Family,6,40,1,0,1
69110,CAR,55423,Male,45,Single Family,9,30,17,0,1
452838,CAR,45550,Male,60,Single Family,3,36,45,0,1
94842,CAR,34753,Male,59,Single Family,2,58,27,0,1
64237,CAR,47158,Male,70,Extended Family,4,20,35,0,1
237992,CAR,77637,Female,53,Single Family,7,15,11,0,1
199730,CAR,38194,Male,75,Single Family,2,108,30,2,1
70335,CAR,67963,Male,33,Single Family,8,20,15,0,1
157265,CAR,56300,Male,38,Single Family,4,27,17,1,1
55465,CAR,49468,Male,42,Single Family,4,15,19,2,1
166395,CAR,57162,Male,80,Extended Family,4,41,21,1,1
78020,CAR,93341,Male,42,Single Family,8,18,15,0,1
55050,CAR,64153,Male,39,Single Family,7,30,15,1,1
114695,CAR,72809,Male,63,Single Family,7,15,3,1,0
139960,CAR,48807,Male,75,Single Family,3,15,3,1,1
84692,CAR,58347,Male,48,Single Family,4,20,21,2,1
124079,CAR,66499,Male,45,Two or More Nonrelated Persons/Members,6,15,15,1,1
81450,CAR,45894,Male,25,Single Family,5,13,7,0,1
68585,CAR,65824,Male,45,Single Family,5,15,26,0,1
329775,CAR,76053,Male,33,Single Family,6,22,6,0,1
500302,CAR,233000,Male,65,Extended Family,6,120,35,4,1
367313,CAR,132264,Male,73,Extended Family,5,100,25,4,1
876873,CAR,147870,Male,26,Single Family,4,18,11,4,1
112047,CAR,72637,Female,41,Extended Family,3,20,20,3,1
98278,CAR,64436,Male,43,Single Family,4,25,2,1,1
148455,CAR,90105,Male,46,Extended Family,9,50,30,0,1
193470,CAR,72880,Male,57,Extended Family,5,50,14,2,1
171210,CAR,99017,Male,47,Extended Family,6,20,5,0,1
79519,CAR,72325,Male,46,Single Family,6,56,11,1,1
242283,CAR,122823,Male,31,Extended Family,7,200,10,2,1
66411,CAR,23311,Female,74,Single Family,1,43,14,3,1
124560,CAR,67093,Female,32,Single Family,6,36,8,1,1
161825,CAR,63892,Male,55,Extended Family,9,25,29,1,1
166490,CAR,93880,Male,50,Extended Family,8,75,35,0,1
163890,CAR,85527,Male,67,Extended Family,4,144,25,3,1
476820,CAR,150926,Male,38,Single Family,4,27,5,3,1
284777,CAR,63122,Male,87,Single Family,1,28,26,3,1
401120,CAR,195212,Male,49,Single Family,7,108,17,3,1
211750,CAR,65952,Male,63,Single Family,3,29,15,2,1
258950,CAR,72097,Male,59,Extended Family,5,30,14,2,1
133790,CAR,100274,Male,45,Extended Family,7,40,4,0,1
96385,CAR,61177,Male,35,Single Family,5,25,13,0,1
736420,CAR,200991,Female,56,Single Family,6,40,12,3,1
515561,CAR,133021,Male,34,Single Family,5,23,13,1,1
598435,CAR,87534,Male,49,Extended Family,4,50,25,2,1
432500,CAR,77850,Male,40,Single Family,3,60,10,3,1
266695,CAR,104024,Male,50,Single Family,3,49,17,3,1
640284,CAR,117452,Female,47,Extended Family,4,16,12,3,1
128899,CAR,90296,Male,38,Single Family,5,40,30,2,1
295715,CAR,108790,Male,50,Extended Family,6,35,40,1,1
113528,CAR,67914,Male,55,Single Family,6,10,4,0,1
613486,CAR,182890,Male,35,Extended Family,6,140,28,3,1
570435,CAR,227608,Male,48,Single Family,7,81,50,4,1
620435,CAR,177008,Female,62,Extended Family,6,160,17,6,1
347587,CAR,126516,Male,47,Single Family,8,24,12,2,1
120623,CAR,61729,Male,75,Single Family,2,25,32,1,1
364912,CAR,178429,Male,32,Single Family,5,36,35,4,1
204720,CAR,95875,Male,53,Single Family,3,20,14,1,1
606620,CAR,120170,Male,57,Single Family,2,300,18,5,1
723345,CAR,151063,Male,61,Single Family,7,80,21,4,1
243184,CAR,95083,Male,40,Single Family,7,16,15,1,1
120155,CAR,120388,Male,51,Single Family,8,29,13,2,1
493370,CAR,148479,Male,43,Extended Family,8,86,6,7,1
195500,CAR,111612,Male,36,Single Family,9,20,25,0,1
107257,CAR,93181,Male,55,Extended Family,10,18,7,2,0
128726,CAR,88146,Male,44,Single Family,7,20,17,1,1
164440,CAR,148350,Male,45,Single Family,10,40,8,2,1
184315,CAR,69014,Male,59,Single Family,5,25,24,2,1
279088,CAR,92089,Female,57,Single Family,8,25,34,1,1
143140,CAR,79737,Male,22,Single Family,3,42,21,2,1
96638,CAR,61170,Male,41,Single Family,6,16,6,0,1
128525,CAR,67965,Male,63,Single Family,7,30,14,3,1
106716,CAR,100034,Male,41,Single Family,7,18,17,1,1
222698,CAR,94810,Female,64,Extended Family,12,42,34,1,1
140105,CAR,105031,Male,43,Single Family,7,64,20,2,1
290170,CAR,94315,Male,65,Single Family,8,30,35,1,1
173500,CAR,77797,Male,56,Single Family,9,100,34,2,1
106925,CAR,59409,Male,62,Single Family,5,50,25,1,0
108300,CAR,61113,Male,68,Single Family,8,25,25,1,1
68191,CAR,52764,Female,42,Single Family,4,150,25,1,0
59165,CAR,35410,Male,24,Single Family,3,100,20,1,1
591770,CAR,110895,Male,41,Single Family,8,200,26,3,1
214995,CAR,88205,Male,52,Single Family,8,100,34,2,1
138116,CAR,93139,Male,37,Extended Family,7,183,17,3,1
214152,CAR,184806,Male,46,Extended Family,8,200,55,4,1
105452,CAR,70599,Male,56,Single Family,7,15,30,0,1
107834,CAR,64290,Male,41,Single Family,9,27,12,2,1
46816,CAR,47712,Male,43,Single Family,5,11,17,0,1
285710,CAR,103429,Male,71,Extended Family,9,40,28,1,1
1331756,CAR,206904,Male,40,Extended Family,8,54,5,2,1
111070,CAR,66268,Female,50,Single Family,4,11,25,0,1
114585,CAR,96175,Male,57,Single Family,7,20,55,0,1
125463,CAR,78868,Male,38,Single Family,7,20,45,0,1
54021,CAR,51835,Female,30,Single Family,4,11,6,1,1
88465,CAR,39147,Male,91,Single Family,2,17,76,1,1
141279,CAR,87324,Male,62,Extended Family,6,11,29,0,1
381944,CAR,68726,Male,52,Extended Family,7,480,14,3,1
105541,CAR,52822,Male,53,Single Family,3,320,19,5,1
165245,CAR,50168,Male,62,Single Family,5,45,1,1,1
293700,CAR,80445,Male,63,Extended Family,9,320,27,2,1
47080,CAR,19745,Male,39,Single Family,1,288,34,1,0
89655,CAR,54525,Male,43,Single Family,6,320,13,2,1
144615,CAR,24225,Male,41,Single Family,1,160,20,2,1
226320,CAR,70911,Male,67,Extended Family,5,320,38,2,1
134780,CAR,47621,Male,63,Single Family,5,120,6,2,1
127779,CAR,29586,Male,35,Single Family,3,180,55,1,1
115510,CAR,57207,Male,36,Single Family,4,192,35,2,1
112098,CAR,20053,Male,40,Single Family,1,300,26,1,1
249505,CAR,28798,Female,84,Extended Family,6,362,33,4,1
80644,CAR,23494,Male,83,Single Family,2,288,20,3,1
109985,CAR,43892,Male,71,Extended Family,6,126,36,1,1
382630,CAR,53229,Female,80,Single Family,2,506,20,7,1
231599,CAR,67010,Male,62,Extended Family,4,80,21,3,1
194231,CAR,14735,Female,85,Single Family,1,150,51,3,1
151163,CAR,55660,Male,56,Single Family,3,30,21,3,1
236725,CAR,101044,Male,43,Extended Family,10,70,22,3,1
138260,CAR,71008,Male,37,Single Family,6,22,13,1,1
147900,CAR,36923,Male,27,Single Family,3,74,20,3,1
219570,CAR,50475,Male,47,Extended Family,6,72,11,2,1
128835,CAR,52182,Female,31,Single Family,3,22,6,2,1
102141,CAR,33809,Male,24,Single Family,3,18,5,1,1
119035,CAR,21405,Male,34,Single Family,1,120,7,1,1
127065,CAR,33818,Male,23,Single Family,3,23,8,1,1
188942,CAR,43801,Male,70,Single Family,3,80,45,6,1
129013,CAR,43924,Male,39,Single Family,6,22,7,1,1
135292,CAR,59856,Male,36,Single Family,5,46,11,4,1
257502,CAR,49055,Male,55,Single Family,3,112,23,6,1
272815,CAR,42251,Female,48,Single Family,3,60,28,2,1
258938,CAR,87284,Male,47,Single Family,6,60,22,4,1
181390,CAR,64601,Male,49,Single Family,5,26,18,2,1
81618,CAR,47879,Male,25,Single Family,4,40,15,2,1
444226,CAR,78099,Male,46,Single Family,6,64,15,4,1
241916,CAR,84817,Male,45,Extended Family,9,40,19,3,1
249365,CAR,92630,Female,70,Single Family,7,112,47,3,1
164540,CAR,69091,Male,48,Single Family,4,68,9,4,1
308284,CAR,49546,Male,34,Single Family,3,34,3,2,1
71597,CAR,25756,Female,82,Single Family,1,120,35,1,1
196205,CAR,51635,Male,44,Single Family,4,100,35,3,1
107670,CAR,63970,Male,36,Single Family,5,116,9,3,1
101510,CAR,42861,Male,31,Single Family,5,22,17,2,1
177814,CAR,28421,Female,54,Single Family,2,16,7,2,0
294595,CAR,56721,Female,58,Single Family,4,33,15,2,1
109815,CAR,64477,Male,37,Single Family,7,33,36,1,1
99445,CAR,23879,Male,73,Single Family,2,70,65,3,1
188936,CAR,39950,Male,61,Single Family,5,100,25,2,1
143165,CAR,26293,Male,53,Single Family,2,140,16,3,1
102592,CAR,20951,Female,52,Single Family,1,80,14,2,1
112577,CAR,30369,Female,68,Single Family,2,144,15,4,1
118354,CAR,44343,Male,30,Single Family,5,80,23,2,1
147871,CAR,54906,Male,42,Single Family,3,110,18,2,1
124790,CAR,35675,Male,77,Single Family,2,288,10,2,1
113961,CAR,27756,Male,80,Single Family,2,120,25,2,1
111041,CAR,33055,Male,65,Single Family,2,80,26,1,1
181744,CAR,47293,Male,56,Single Family,5,100,15,3,1
168102,CAR,42050,Male,61,Single Family,3,196,22,3,1
781589,CAR,65077,Male,50,Single Family,5,225,17,6,1
143440,CAR,43759,Male,46,Single Family,7,168,19,3,1
51688,CAR,16019,Female,86,Single Family,1,168,27,3,1
248703,CAR,78135,Male,51,Extended Family,15,288,9,4,1
125895,CAR,37151,Female,43,Extended Family,4,160,20,3,1
289965,CAR,39493,Male,75,Single Family,3,280,11,6,1
135324,CAR,26693,Female,77,Single Family,2,160,15,3,1
312510,CAR,58290,Male,66,Extended Family,8,140,10,4,1
80568,CAR,22662,Male,46,Single Family,5,140,18,3,1
136180,CAR,54457,Female,72,Extended Family,5,360,13,2,1
60737,CAR,18032,Female,85,Single Family,1,100,22,2,1
149875,CAR,51738,Male,58,Single Family,3,120,15,3,1
60020,CAR,41574,Male,35,Single Family,5,192,40,2,1
46706,CAR,15129,Male,33,Single Family,1,120,41,0,1
85730,CAR,33592,Male,36,Single Family,5,96,43,1,1
126718,CAR,60963,Male,42,Single Family,6,196,19,1,1
111255,CAR,73845,Male,39,Single Family,5,140,9,2,1
114312,CAR,46143,Male,42,Extended Family,6,480,14,2,1
56179,CAR,20147,Male,65,Extended Family,4,140,67,0,1
61504,CAR,33571,Female,76,Single Family,2,480,59,2,1
45475,CAR,39849,Male,35,Single Family,6,120,16,1,1
50672,CAR,32754,Male,47,Single Family,3,140,17,0,1
58620,CAR,27586,Female,39,Single Family,2,120,46,1,1
254425,CAR,51868,Female,40,Single Family,3,54,6,1,1
123410,CAR,73379,Male,54,Single Family,5,60,8,3,1
159825,CAR,82175,Female,44,Single Family,4,40,19,2,1
48215,CAR,14605,Male,30,Single Family,1,12,2,1,1
48490,CAR,20987,Male,75,Single Family,2,20,2,0,0
122845,CAR,40660,Male,68,Single Family,3,140,30,5,1
82725,CAR,50915,Male,47,Single Family,4,20,35,1,0
170135,CAR,86754,Male,43,Single Family,7,24,4,2,1
78644,CAR,41976,Male,51,Single Family,5,900,6,2,1
99105,CAR,49179,Male,37,Single Family,3,60,7,2,1
183460,CAR,66871,Male,36,Single Family,8,48,15,3,1
127085,CAR,52480,Male,61,Single Family,3,20,44,2,1
115771,CAR,62377,Male,65,Extended Family,8,30,16,2,1
323488,CAR,56149,Male,39,Single Family,6,288,39,5,1
178838,CAR,113498,Male,41,Extended Family,12,28,18,2,1
112433,CAR,58027,Male,48,Extended Family,10,48,5,1,1
123078,CAR,54841,Female,77,Extended Family,6,30,7,3,1
122154,CAR,50303,Male,63,Single Family,5,20,11,0,1
99006,CAR,41870,Male,29,Single Family,5,48,15,1,1
125835,CAR,78708,Female,58,Single Family,6,24,15,3,1
70010,CAR,25516,Male,65,Single Family,1,12,9,0,1
142405,CAR,29077,Male,27,Single Family,1,24,1,0,0
117899,CAR,26600,Male,44,Single Family,1,168,2,1,0
85182,CAR,40130,Male,24,Single Family,3,80,10,2,0
533654,CAR,51126,Male,33,Single Family,4,16,6,0,1
88861,CAR,55996,Male,62,Single Family,5,120,4,0,0
142918,CAR,58031,Male,30,Single Family,5,24,7,1,1
176222,CAR,73872,Female,75,Extended Family,3,280,15,2,1
611110,CAR,178557,Male,48,Extended Family,7,165,10,5,1
160345,CAR,57306,Male,52,Single Family,4,23,4,0,1
530550,CAR,108826,Male,49,Single Family,5,70,25,1,1
249084,CAR,74546,Male,26,Single Family,3,150,23,3,1
322864,CAR,64639,Female,41,Single Family,2,480,15,3,1
267064,CAR,67768,Male,44,Extended Family,4,320,19,2,1
390253,CAR,48977,Male,65,Single Family,2,550,7,7,1
109860,CAR,52512,Female,63,Extended Family,4,63,25,2,1
247668,CAR,42327,Female,38,Single Family,4,288,8,2,1
216117,CAR,113030,Male,51,Single Family,11,28,5,0,1
433008,CAR,94345,Male,53,Extended Family,4,105,15,3,1
127230,CAR,53292,Male,31,Single Family,2,18,25,3,1
73384,CAR,21420,Male,40,Single Family,2,150,40,5,1
115625,CAR,58520,Male,55,Extended Family,5,192,21,2,1
65407,CAR,29036,Female,60,Single Family,2,384,20,1,1
60177,CAR,25807,Male,70,Single Family,2,256,15,2,1
105960,CAR,51922,Male,46,Single Family,4,33,43,1,1
169976,CAR,85213,Male,61,Extended Family,7,300,39,2,1
116415,CAR,51648,Male,49,Single Family,5,100,26,2,1
115835,CAR,81940,Male,63,Extended Family,6,342,30,2,1
152550,CAR,74643,Male,60,Extended Family,6,125,35,2,1
170010,CAR,84042,Male,59,Extended Family,5,200,26,3,1
493923,CAR,87789,Male,42,Extended Family,4,58,15,2,1
223311,CAR,73584,Male,35,Single Family,5,100,4,2,1
179759,CAR,66224,Male,41,Extended Family,6,100,21,2,1
75472,CAR,30772,Male,36,Single Family,2,228,45,2,1
159322,CAR,65179,Male,56,Extended Family,6,64,17,3,1
105400,CAR,40512,Female,78,Single Family,2,78,48,3,1
141481,CAR,72827,Male,58,Extended Family,7,64,35,4,1
144730,CAR,71172,Male,59,Extended Family,6,150,28,3,1
240220,CAR,59484,Male,71,Single Family,4,100,35,4,1
309858,CAR,22007,Female,67,Single Family,1,58,60,2,1
163721,CAR,69687,Male,37,Extended Family,8,50,16,2,1
202013,CAR,50964,Male,38,Extended Family,6,700,15,2,1
310887,CAR,91894,Male,40,Extended Family,13,150,5,1,1
625760,CAR,65791,Female,80,Extended Family,7,420,75,2,1
213467,CAR,62970,Male,45,Extended Family,7,35,17,2,1
70359,CAR,41823,Male,42,Extended Family,3,512,20,3,1
208515,CAR,62526,Female,44,Single Family,3,54,60,3,1
31621,CAR,19022,Male,50,Single Family,1,450,35,2,0
11988,CAR,6781,Female,42,Single Family,1,30,27,2,0
72336,CAR,23736,Male,61,Single Family,2,150,5,2,1
17294,CAR,12392,Female,85,Single Family,1,64,27,2,0
115280,CAR,54020,Male,47,Extended Family,4,35,25,2,1
37694,CAR,22391,Male,63,Single Family,2,35,22,2,1
111003,CAR,92346,Male,75,Extended Family,9,100,38,4,1
89520,CAR,37544,Male,35,Extended Family,7,48,26,3,1
85996,CAR,49599,Male,62,Extended Family,6,35,32,3,1
120865,CAR,36181,Male,95,Extended Family,3,110,16,2,1
202845,CAR,48084,Male,60,Single Family,3,500,14,6,1
40606,CAR,28983,Male,55,Single Family,2,350,75,2,1
77981,CAR,31388,Male,66,Single Family,2,500,35,3,1
26430,CAR,12739,Male,54,Single Family,1,50,62,0,0
99268,CAR,31347,Male,70,Single Family,4,300,31,2,1
73035,CAR,46728,Male,31,Single Family,7,240,3,3,1
68220,CAR,45799,Male,43,Single Family,6,70,10,3,1
85572,CAR,49393,Male,36,Single Family,5,240,8,6,1
76245,CAR,45045,Male,38,Single Family,4,40,60,2,1
184722,CAR,38378,Male,37,Extended Family,3,250,44,2,1
50450,CAR,13937,Male,54,Single Family,1,100,34,2,1
66280,CAR,34671,Female,63,Single Family,1,280,10,4,1
114303,CAR,46154,Male,26,Single Family,3,320,35,2,1
271490,CAR,65267,Male,69,Extended Family,8,320,2,2,1
129226,CAR,38736,Male,49,Extended Family,3,224,55,2,1
100011,CAR,37106,Female,76,Extended Family,3,320,45,2,1
67532,CAR,26463,Male,22,Single Family,3,300,43,1,1
157506,CAR,67397,Male,68,Extended Family,12,224,49,0,1
110264,CAR,46579,Male,39,Single Family,8,120,1,1,1
304850,CAR,60981,Male,71,Extended Family,6,216,22,4,1
106204,CAR,48334,Male,40,Single Family,5,224,35,1,0
129609,CAR,45345,Male,58,Single Family,6,95,18,2,1
46600,CAR,15463,Female,66,Single Family,1,300,20,3,1
165197,CAR,77260,Male,42,Extended Family,6,125,4,2,1
120800,CAR,50757,Male,35,Single Family,4,192,33,1,1
179168,CAR,77879,Male,28,Single Family,6,224,3,2,1
101864,CAR,39429,Male,31,Single Family,6,180,3,1,1
240180,CAR,35614,Male,61,Single Family,3,360,21,3,1
307907,CAR,118078,Female,56,Extended Family,4,320,55,4,1
181770,CAR,57254,Male,81,Single Family,5,36,26,2,0
88215,CAR,52580,Male,35,Single Family,5,30,17,2,0
1101705,CAR,95964,Male,55,Single Family,3,72,26,3,0
96055,CAR,49552,Male,46,Single Family,6,42,23,2,0
28136,CAR,16431,Male,69,Single Family,1,15,15,0,0
104070,CAR,66415,Male,48,Single Family,5,36,20,3,0
136960,CAR,54725,Male,43,Single Family,8,25,10,0,0
464392,CAR,110536,Female,38,Single Family,4,50,13,2,1
181644,CAR,54633,Male,55,Single Family,2,120,1,0,1
414589,CAR,116899,Male,63,Extended Family,10,80,18,3,1
26145,CAR,16233,Female,60,Single Family,1,5,4,0,1
158033,CAR,90082,Male,56,Single Family,8,20,6,1,1
128489,CAR,68758,Male,55,Single Family,5,35,15,1,1
185850,CAR,70214,Male,34,Single Family,3,35,1,0,1
206182,CAR,47589,Male,77,Single Family,3,600,37,4,1
806252,CAR,106358,Male,54,Single Family,6,600,13,4,1
82631,CAR,44492,Male,50,Single Family,4,20,29,2,0
311255,CAR,85306,Male,47,Extended Family,8,80,20,4,1
175025,CAR,73991,Female,60,Extended Family,5,40,23,4,1
155780,CAR,41746,Male,49,Single Family,3,120,30,2,1
72095,CAR,21090,Male,43,Single Family,1,42,19,0,1
117415,CAR,49985,Male,63,Extended Family,5,56,25,1,1
452137,CAR,87136,Male,59,Extended Family,6,60,70,1,1
86870,CAR,53082,Male,77,Extended Family,5,40,36,2,0
115215,CAR,74156,Male,53,Extended Family,8,20,11,0,1
187810,CAR,78887,Male,42,Single Family,9,56,20,2,1
115440,CAR,54998,Male,37,Single Family,6,24,30,1,1
64305,CAR,30954,Male,68,Extended Family,3,20,13,1,1
348815,CAR,44993,Male,49,Extended Family,5,90,15,2,1
227460,CAR,73893,Male,49,Single Family,10,20,10,0,1
874630,CAR,114564,Female,56,Extended Family,8,120,18,4,1
124805,CAR,57686,Male,45,Extended Family,4,60,70,1,1
90980,CAR,74658,Male,45,Single Family,5,12,15,1,0
157680,CAR,80705,Male,45,Extended Family,8,20,19,1,1
198570,CAR,74844,Female,58,Single Family,6,15,17,2,1
152115,CAR,68914,Male,55,Single Family,5,42,16,2,1
364285,CAR,133908,Male,51,Extended Family,10,24,36,3,1
196095,CAR,54854,Male,51,Single Family,3,300,31,2,1
815833,CAR,111276,Male,53,Single Family,4,120,0,0,1
50694,CAR,30959,Male,73,Single Family,2,400,26,0,1
26458,CAR,17628,Male,82,Single Family,1,20,65,2,1
103138,CAR,54236,Male,85,Single Family,2,20,12,2,1
172765,CAR,65747,Male,57,Single Family,6,36,21,2,1
186724,CAR,104703,Female,36,Single Family,3,32,15,2,1
578152,CAR,152260,Male,55,Extended Family,6,30,25,6,1
591568,CAR,215691,Female,68,Extended Family,7,60,36,4,1
89900,CAR,68620,Male,62,Extended Family,6,9,7,1,1
80920,CAR,47183,Female,70,Extended Family,4,16,13,0,0
150290,CAR,86145,Male,52,Single Family,4,96,16,2,0
92010,CAR,56307,Male,54,Single Family,4,20,16,0,0
116960,CAR,59797,Male,60,Single Family,5,30,16,1,0
57459,CAR,38932,Male,38,Single Family,3,30,10,0,0
67915,CAR,46398,Female,47,Single Family,5,20,8,0,0
59790,CAR,29399,Female,52,Single Family,2,12,25,0,0
81940,CAR,50129,Male,47,Single Family,5,20,16,0,0
199690,CAR,56900,Male,44,Single Family,6,30,12,0,0
70655,CAR,21230,Male,63,Single Family,1,56,30,1,0
99798,CAR,66160,Male,76,Extended Family,6,84,30,4,0
59560,CAR,48833,Male,65,Single Family,4,28,15,0,0
74390,CAR,48346,Female,61,Single Family,2,20,5,1,0
125354,CAR,78464,Female,38,Extended Family,7,48,26,2,1
106632,CAR,63801,Male,33,Extended Family,6,48,26,3,1
70140,CAR,48420,Male,46,Single Family,2,18,4,1,1
34297,CAR,32029,Male,67,Single Family,2,20,17,1,0
171476,CAR,71560,Male,41,Single Family,7,48,26,2,1
84667,CAR,53756,Male,58,Single Family,6,48,26,2,1
82211,CAR,48637,Male,39,Extended Family,6,48,17,2,1
74512,CAR,58590,Female,61,Extended Family,7,48,26,1,1
101065,CAR,56539,Male,27,Single Family,3,20,5,1,1
71284,CAR,44219,Male,31,Single Family,6,30,1,2,0
81268,CAR,48731,Male,39,Extended Family,5,48,26,2,1
69982,CAR,48394,Male,34,Single Family,5,48,26,1,1
128215,CAR,64502,Male,54,Extended Family,6,20,15,1,1
60039,CAR,39068,Male,35,Single Family,5,30,8,2,1
63089,CAR,53373,Female,77,Extended Family,5,48,26,2,1
94310,CAR,67342,Male,32,Single Family,5,20,15,2,1
90213,CAR,51855,Male,37,Single Family,4,20,6,1,0
97831,CAR,62778,Male,66,Single Family,3,30,8,2,1
125175,CAR,64286,Male,79,Extended Family,4,60,13,1,1
519315,CAR,89687,Male,55,Single Family,4,56,4,2,1
84020,CAR,66205,Male,31,Single Family,2,63,20,2,1
134617,CAR,54432,Male,61,Single Family,3,24,42,2,1
347144,CAR,147571,Male,49,Single Family,4,108,17,3,1
99975,CAR,90649,Male,86,Extended Family,4,20,20,3,1
143590,CAR,47399,Female,26,Single Family,1,84,33,4,1
114991,CAR,71611,Male,53,Single Family,3,12,25,1,1
117671,CAR,59304,Male,53,Extended Family,4,84,20,3,1
104436,CAR,63377,Male,50,Single Family,3,24,37,2,1
464885,CAR,208282,Male,54,Extended Family,6,72,1,3,1
360693,CAR,128842,Female,90,Extended Family,6,180,3,4,1
283171,CAR,110729,Female,36,Single Family,4,25,37,2,1
394014,CAR,182657,Male,59,Extended Family,9,20,11,2,1
80297,CAR,80712,Male,31,Single Family,5,20,15,1,1
128269,CAR,89059,Male,41,Single Family,6,72,11,2,1
201248,CAR,121403,Male,44,Single Family,9,30,14,2,0
988678,CAR,136687,Male,45,Single Family,5,96,21,3,1
270885,CAR,92729,Male,59,Extended Family,7,130,13,3,1
254198,CAR,72601,Male,63,Extended Family,6,48,25,2,1
111596,CAR,90765,Male,61,Extended Family,5,56,26,2,1
174500,CAR,100050,Male,49,Extended Family,7,49,15,2,1
60691,CAR,37154,Male,76,Single Family,2,35,22,3,1
154820,CAR,88569,Male,39,Extended Family,6,24,15,2,1
169663,CAR,102881,Male,54,Extended Family,8,20,22,3,1
258064,CAR,104080,Male,45,Single Family,8,30,17,2,1
90076,CAR,32728,Male,66,Single Family,2,35,17,4,0
144595,CAR,71342,Male,53,Single Family,4,45,16,3,1
283262,CAR,41978,Male,58,Single Family,2,48,18,3,1
146064,CAR,73293,Male,49,Single Family,5,20,12,2,1
221015,CAR,73259,Male,53,Extended Family,6,42,21,2,1
